sensor_id,timestamp,temperature,humidity,location,sensor_type
1001,2025-04-11 11:12:06,28.7,57.3,BuildingA_Floor1,TypeC
1064,2025-04-10 09:51:48,34.5,74.6,BuildingA_Floor1,TypeB
1096,2025-04-09 17:21:51,21.8,57.7,BuildingB_Floor1,TypeA
1032,2025-04-11 06:44:18,24.3,53.4,BuildingA_Floor1,TypeB
1055,2025-04-11 10:30:28,15.0,65.3,BuildingA_Floor1,TypeA
1005,2025-04-09 23:01:04,17.4,56.0,BuildingB_Floor2,TypeC
1087,2025-04-10 03:44:34,32.9,62.9,BuildingA_Floor1,TypeC
1021,2025-04-11 11:45:07,29.8,76.9,BuildingB_Floor2,TypeC
1083,2025-04-11 04:05:56,32.5,76.4,BuildingB_Floor2,TypeC
1056,2025-04-10 01:24:14,23.8,50.1,BuildingB_Floor1,TypeB
1066,2025-04-09 07:27:36,30.5,71.6,BuildingB_Floor2,TypeA
1034,2025-04-09 21:26:43,34.1,72.6,BuildingA_Floor1,TypeB
1091,2025-04-10 11:58:22,21.0,59.0,BuildingB_Floor2,TypeB
1000,2025-04-10 19:20:34,30.4,56.0,BuildingB_Floor1,TypeA
1066,2025-04-11 07:59:46,19.9,65.7,BuildingB_Floor1,TypeA
1100,2025-04-11 10:50:27,22.7,67.9,BuildingB_Floor1,TypeB
1023,2025-04-09 21:47:57,19.6,70.4,BuildingA_Floor1,TypeC
1053,2025-04-10 18:08:43,28.9,74.5,BuildingB_Floor1,TypeC
1058,2025-04-11 09:09:24,33.3,74.2,BuildingB_Floor2,TypeC
1027,2025-04-11 22:13:27,29.8,60.7,BuildingA_Floor1,TypeB
1035,2025-04-11 08:04:41,34.0,78.0,BuildingA_Floor1,TypeA
1087,2025-04-10 00:10:32,23.1,53.9,BuildingB_Floor2,TypeA
1031,2025-04-09 23:10:21,33.6,71.0,BuildingA_Floor1,TypeC
1073,2025-04-09 09:15:46,34.3,50.4,BuildingB_Floor2,TypeC
1051,2025-04-10 05:44:25,24.9,51.2,BuildingA_Floor1,TypeC
1090,2025-04-10 18:52:10,32.6,62.8,BuildingB_Floor1,TypeA
1087,2025-04-09 14:18:42,18.4,77.4,BuildingB_Floor2,TypeB
1053,2025-04-10 00:37:25,29.9,54.0,BuildingB_Floor2,TypeB
1071,2025-04-10 10:48:11,15.7,56.7,BuildingA_Floor2,TypeB
1000,2025-04-09 21:33:20,17.2,58.3,BuildingB_Floor2,TypeA
1043,2025-04-09 10:28:20,18.0,55.2,BuildingA_Floor1,TypeB
1024,2025-04-11 17:04:29,23.5,75.1,BuildingB_Floor1,TypeC
1000,2025-04-09 12:27:25,27.3,53.3,BuildingA_Floor1,TypeC
1029,2025-04-09 00:10:58,30.0,73.6,BuildingA_Floor1,TypeB
1024,2025-04-10 12:49:12,33.7,52.6,BuildingB_Floor1,TypeC
1075,2025-04-09 10:32:56,33.2,55.4,BuildingA_Floor2,TypeA
1077,2025-04-09 23:16:24,28.8,69.5,BuildingA_Floor1,TypeA
1044,2025-04-10 20:53:00,19.6,58.9,BuildingB_Floor2,TypeB
1098,2025-04-11 07:16:33,32.8,61.9,BuildingB_Floor1,TypeC
1000,2025-04-11 19:32:35,21.2,61.2,BuildingA_Floor1,TypeB
1055,2025-04-11 17:25:58,30.5,68.1,BuildingB_Floor2,TypeC
1089,2025-04-10 11:16:37,21.0,56.3,BuildingB_Floor1,TypeC
1072,2025-04-11 13:58:21,23.5,68.2,BuildingA_Floor2,TypeA
1025,2025-04-11 07:13:20,27.3,50.6,BuildingA_Floor2,TypeC
1064,2025-04-10 23:01:25,24.0,58.8,BuildingB_Floor2,TypeA
1052,2025-04-10 11:45:04,33.8,71.6,BuildingB_Floor2,TypeA
1008,2025-04-11 16:15:15,27.9,61.7,BuildingB_Floor1,TypeA
1097,2025-04-10 13:24:59,29.1,67.1,BuildingB_Floor1,TypeB
1078,2025-04-10 13:21:42,20.4,65.5,BuildingA_Floor1,TypeC
1098,2025-04-10 15:10:27,18.0,50.1,BuildingB_Floor2,TypeC
1045,2025-04-10 08:58:11,31.8,51.0,BuildingB_Floor2,TypeC
1019,2025-04-11 13:28:30,24.4,74.0,BuildingB_Floor2,TypeA
1091,2025-04-11 15:51:09,18.4,73.5,BuildingB_Floor2,TypeB
1054,2025-04-11 13:00:58,24.0,56.2,BuildingB_Floor2,TypeC
1007,2025-04-10 04:50:51,25.2,75.1,BuildingB_Floor1,TypeB
1033,2025-04-11 16:28:49,18.4,78.4,BuildingA_Floor2,TypeA
1044,2025-04-10 06:04:17,22.3,51.5,BuildingA_Floor2,TypeC
1068,2025-04-10 00:46:16,25.6,58.6,BuildingB_Floor2,TypeC
1063,2025-04-09 01:38:19,18.3,72.0,BuildingB_Floor1,TypeC
1050,2025-04-10 10:38:58,28.0,58.5,BuildingB_Floor2,TypeB
1052,2025-04-10 00:47:55,24.8,62.0,BuildingB_Floor1,TypeC
1075,2025-04-10 16:38:28,33.4,71.5,BuildingA_Floor1,TypeC
1011,2025-04-09 09:26:54,29.5,58.3,BuildingA_Floor2,TypeA
1006,2025-04-11 01:37:02,21.9,57.8,BuildingB_Floor2,TypeA
1006,2025-04-11 16:32:24,15.2,70.1,BuildingA_Floor1,TypeC
1081,2025-04-10 02:57:45,31.4,64.4,BuildingA_Floor1,TypeC
1056,2025-04-11 11:11:26,33.2,78.0,BuildingB_Floor2,TypeA
1089,2025-04-10 04:09:18,19.8,56.1,BuildingA_Floor2,TypeA
1090,2025-04-11 01:47:37,34.0,79.9,BuildingA_Floor1,TypeC
1071,2025-04-10 20:38:33,31.4,58.1,BuildingA_Floor1,TypeB
1067,2025-04-11 14:39:02,19.3,70.7,BuildingA_Floor2,TypeB
1027,2025-04-10 12:29:58,15.5,64.1,BuildingB_Floor2,TypeC
1100,2025-04-09 12:31:37,15.1,67.6,BuildingB_Floor1,TypeC
1083,2025-04-10 04:59:11,15.7,75.0,BuildingA_Floor2,TypeC
1093,2025-04-11 22:03:54,24.1,57.8,BuildingA_Floor1,TypeA
1055,2025-04-09 21:48:53,21.0,58.4,BuildingB_Floor1,TypeC
1029,2025-04-09 04:20:20,15.6,74.2,BuildingB_Floor1,TypeC
1006,2025-04-11 06:54:26,25.3,69.2,BuildingB_Floor2,TypeC
1050,2025-04-09 03:58:37,24.2,71.9,BuildingA_Floor1,TypeA
1095,2025-04-11 18:21:01,29.6,62.4,BuildingA_Floor1,TypeA
1051,2025-04-11 19:16:14,16.0,75.7,BuildingB_Floor2,TypeA
1034,2025-04-09 18:08:25,19.8,63.6,BuildingB_Floor2,TypeC
1028,2025-04-08 23:16:34,22.3,60.5,BuildingB_Floor2,TypeA
1098,2025-04-09 19:04:19,34.1,79.2,BuildingB_Floor1,TypeC
1078,2025-04-09 18:10:13,19.1,64.8,BuildingB_Floor2,TypeA
1021,2025-04-09 12:59:09,26.2,75.9,BuildingA_Floor1,TypeA
1026,2025-04-10 05:14:15,22.1,50.2,BuildingB_Floor1,TypeC
1085,2025-04-09 00:33:20,27.8,50.5,BuildingA_Floor2,TypeA
1080,2025-04-09 17:12:20,32.1,71.5,BuildingA_Floor2,TypeB
1073,2025-04-10 03:20:49,22.8,64.9,BuildingB_Floor1,TypeA
1013,2025-04-10 20:53:07,16.1,51.9,BuildingB_Floor1,TypeA
1005,2025-04-10 10:35:16,33.8,76.5,BuildingB_Floor2,TypeB
1010,2025-04-10 09:53:09,16.3,60.5,BuildingB_Floor2,TypeA
1000,2025-04-09 09:16:19,24.0,69.0,BuildingB_Floor1,TypeB
1021,2025-04-08 23:39:27,28.3,53.5,BuildingA_Floor2,TypeC
1097,2025-04-11 18:06:00,20.8,63.2,BuildingA_Floor2,TypeB
1069,2025-04-10 04:27:37,19.1,79.7,BuildingA_Floor2,TypeA
1009,2025-04-09 11:46:01,19.1,67.2,BuildingB_Floor2,TypeC
1014,2025-04-11 16:34:57,17.0,70.2,BuildingA_Floor2,TypeB
1030,2025-04-11 07:32:58,30.5,60.3,BuildingB_Floor1,TypeC
1026,2025-04-10 14:43:53,27.8,71.0,BuildingB_Floor1,TypeA
1097,2025-04-09 19:41:36,30.6,66.8,BuildingB_Floor2,TypeB
1044,2025-04-10 06:25:43,21.7,69.4,BuildingB_Floor2,TypeB
1096,2025-04-10 08:59:11,26.2,60.0,BuildingA_Floor2,TypeA
1016,2025-04-09 16:54:12,34.9,59.7,BuildingB_Floor1,TypeC
1038,2025-04-10 18:08:57,17.3,60.6,BuildingA_Floor2,TypeB
1042,2025-04-11 04:43:11,30.3,78.8,BuildingB_Floor2,TypeB
1066,2025-04-11 14:02:01,22.9,52.2,BuildingA_Floor2,TypeC
1034,2025-04-11 21:26:22,23.2,73.6,BuildingA_Floor1,TypeC
1021,2025-04-11 16:09:04,25.5,59.2,BuildingB_Floor1,TypeC
1048,2025-04-10 01:53:05,16.1,54.7,BuildingB_Floor2,TypeC
1095,2025-04-09 22:16:06,25.0,76.9,BuildingA_Floor1,TypeB
1007,2025-04-09 07:23:44,24.3,58.1,BuildingA_Floor1,TypeC
1007,2025-04-09 08:19:34,25.7,79.2,BuildingA_Floor2,TypeC
1036,2025-04-11 17:28:31,17.9,67.6,BuildingA_Floor1,TypeB
1032,2025-04-11 14:33:54,18.5,69.9,BuildingB_Floor1,TypeA
1092,2025-04-11 05:19:32,20.0,53.0,BuildingA_Floor1,TypeB
1038,2025-04-11 06:04:17,23.4,64.1,BuildingA_Floor2,TypeC
1084,2025-04-11 10:36:35,30.2,53.9,BuildingA_Floor2,TypeC
1058,2025-04-09 15:26:29,26.7,75.8,BuildingB_Floor2,TypeC
1049,2025-04-10 04:36:20,17.0,54.8,BuildingA_Floor2,TypeB
1063,2025-04-11 03:08:53,31.5,61.5,BuildingA_Floor2,TypeB
1054,2025-04-09 00:43:21,18.7,74.2,BuildingB_Floor1,TypeC
1014,2025-04-10 01:49:44,33.7,71.8,BuildingA_Floor1,TypeC
1007,2025-04-10 08:40:29,18.4,67.1,BuildingB_Floor2,TypeB
1082,2025-04-09 07:07:43,15.8,57.6,BuildingB_Floor2,TypeA
1100,2025-04-11 02:30:57,28.4,72.6,BuildingA_Floor1,TypeA
1014,2025-04-11 17:57:39,31.2,69.2,BuildingB_Floor2,TypeB
1070,2025-04-09 22:44:47,24.6,57.2,BuildingB_Floor1,TypeC
1025,2025-04-11 18:54:18,24.2,54.8,BuildingB_Floor1,TypeB
1078,2025-04-10 20:36:25,34.4,69.1,BuildingA_Floor2,TypeC
1095,2025-04-09 17:42:41,24.1,70.1,BuildingB_Floor1,TypeC
1021,2025-04-09 18:47:40,32.9,65.6,BuildingA_Floor2,TypeC
1012,2025-04-11 18:08:34,22.3,57.9,BuildingA_Floor1,TypeC
1017,2025-04-10 10:45:44,17.8,53.4,BuildingB_Floor2,TypeB
1079,2025-04-09 22:27:30,18.7,78.0,BuildingB_Floor2,TypeC
1009,2025-04-11 05:53:04,16.0,73.8,BuildingA_Floor2,TypeC
1019,2025-04-10 17:32:24,28.9,60.7,BuildingB_Floor1,TypeC
1075,2025-04-10 23:13:48,15.9,71.2,BuildingB_Floor1,TypeA
1037,2025-04-11 08:43:43,16.4,65.1,BuildingB_Floor1,TypeA
1030,2025-04-11 07:25:13,21.0,67.4,BuildingA_Floor1,TypeA
1002,2025-04-09 07:59:40,20.7,72.3,BuildingA_Floor1,TypeB
1014,2025-04-11 13:16:20,29.2,50.3,BuildingB_Floor2,TypeB
1032,2025-04-08 23:34:59,21.7,79.4,BuildingA_Floor1,TypeC
1063,2025-04-11 17:40:24,24.7,68.6,BuildingA_Floor2,TypeC
1050,2025-04-09 18:20:13,32.5,64.9,BuildingA_Floor1,TypeB
1072,2025-04-09 03:48:27,32.3,52.2,BuildingA_Floor2,TypeC
1041,2025-04-10 21:51:43,31.8,52.4,BuildingA_Floor1,TypeB
1008,2025-04-09 11:50:58,24.2,56.1,BuildingA_Floor1,TypeC
1001,2025-04-11 12:12:13,19.4,64.9,BuildingA_Floor2,TypeB
1093,2025-04-09 18:30:49,30.7,69.1,BuildingB_Floor2,TypeC
1032,2025-04-09 11:32:36,27.1,72.1,BuildingA_Floor2,TypeA
1040,2025-04-09 21:07:47,24.5,62.7,BuildingB_Floor1,TypeC
1002,2025-04-10 09:26:30,17.3,59.6,BuildingB_Floor1,TypeB
1041,2025-04-10 12:50:18,17.7,67.4,BuildingB_Floor1,TypeB
1096,2025-04-09 20:44:16,29.7,70.4,BuildingA_Floor1,TypeC
1030,2025-04-08 23:36:52,30.7,71.1,BuildingA_Floor1,TypeA
1015,2025-04-11 16:23:52,20.7,73.0,BuildingB_Floor1,TypeB
1030,2025-04-10 12:38:34,18.9,50.3,BuildingA_Floor1,TypeB
1075,2025-04-11 08:25:03,33.5,72.0,BuildingB_Floor1,TypeA
1063,2025-04-09 06:04:16,18.6,67.4,BuildingA_Floor1,TypeA
1002,2025-04-11 07:37:48,21.4,60.5,BuildingA_Floor2,TypeC
1014,2025-04-09 19:45:00,33.6,74.4,BuildingA_Floor1,TypeB
1061,2025-04-11 13:12:43,24.4,73.5,BuildingA_Floor2,TypeC
1065,2025-04-09 08:41:51,24.7,79.8,BuildingB_Floor2,TypeB
1077,2025-04-11 04:02:21,25.6,70.3,BuildingB_Floor2,TypeA
1083,2025-04-10 21:36:03,21.8,53.9,BuildingA_Floor1,TypeA
1074,2025-04-09 01:51:04,18.1,57.5,BuildingB_Floor1,TypeB
1073,2025-04-11 08:58:13,16.7,57.1,BuildingA_Floor1,TypeA
1058,2025-04-10 17:56:14,18.2,69.3,BuildingA_Floor1,TypeC
1006,2025-04-10 06:42:11,25.0,71.6,BuildingB_Floor1,TypeC
1013,2025-04-10 22:50:20,23.2,62.8,BuildingB_Floor2,TypeA
1078,2025-04-10 15:52:45,27.7,72.4,BuildingA_Floor2,TypeA
1036,2025-04-09 14:47:50,24.0,78.8,BuildingB_Floor1,TypeB
1100,2025-04-09 20:22:20,32.3,64.8,BuildingA_Floor2,TypeA
1016,2025-04-11 20:53:31,16.9,51.5,BuildingA_Floor2,TypeA
1021,2025-04-11 06:30:22,22.0,65.4,BuildingA_Floor1,TypeC
1012,2025-04-09 22:35:25,28.3,75.6,BuildingA_Floor1,TypeB
1052,2025-04-11 08:14:32,24.2,69.7,BuildingB_Floor2,TypeC
1067,2025-04-11 03:52:39,30.4,79.3,BuildingB_Floor1,TypeA
1025,2025-04-09 20:50:52,23.5,65.7,BuildingB_Floor1,TypeC
1079,2025-04-10 05:11:50,31.3,59.9,BuildingB_Floor2,TypeB
1094,2025-04-11 03:08:45,24.8,53.3,BuildingB_Floor1,TypeB
1061,2025-04-11 04:44:22,22.7,78.6,BuildingA_Floor2,TypeA
1004,2025-04-11 21:21:10,17.8,73.5,BuildingA_Floor2,TypeA
1022,2025-04-11 13:50:20,24.7,50.0,BuildingB_Floor1,TypeB
1060,2025-04-11 13:18:26,32.6,61.1,BuildingB_Floor2,TypeA
1034,2025-04-11 21:25:48,32.3,60.7,BuildingB_Floor2,TypeC
1008,2025-04-09 17:22:52,26.8,74.5,BuildingA_Floor2,TypeA
1011,2025-04-09 18:26:27,22.4,76.9,BuildingA_Floor2,TypeA
1100,2025-04-09 23:53:52,21.4,50.9,BuildingA_Floor2,TypeA
1009,2025-04-11 21:22:55,32.4,68.5,BuildingB_Floor1,TypeB
1021,2025-04-10 02:46:30,17.5,69.5,BuildingB_Floor1,TypeA
1032,2025-04-11 10:09:32,16.8,51.6,BuildingA_Floor2,TypeB
1092,2025-04-11 17:16:31,31.6,58.4,BuildingB_Floor1,TypeB
1054,2025-04-11 12:07:56,17.1,63.9,BuildingB_Floor1,TypeA
1008,2025-04-09 05:22:11,29.5,55.4,BuildingB_Floor2,TypeC
1006,2025-04-10 12:21:25,24.1,75.9,BuildingA_Floor2,TypeB
1006,2025-04-10 02:52:17,28.7,76.2,BuildingB_Floor2,TypeA
1047,2025-04-10 19:56:50,34.2,80.0,BuildingB_Floor2,TypeA
1089,2025-04-09 02:19:51,20.5,68.8,BuildingB_Floor2,TypeB
1065,2025-04-11 01:58:22,26.2,58.6,BuildingB_Floor2,TypeA
1083,2025-04-10 23:46:26,23.7,53.2,BuildingB_Floor1,TypeC
1052,2025-04-09 06:07:10,30.0,54.3,BuildingA_Floor2,TypeA
1000,2025-04-09 16:50:26,18.9,60.6,BuildingB_Floor1,TypeA
1038,2025-04-09 22:32:53,21.0,55.0,BuildingB_Floor1,TypeA
1007,2025-04-11 01:33:35,16.5,65.5,BuildingB_Floor2,TypeC
1046,2025-04-10 00:56:43,34.8,70.1,BuildingA_Floor1,TypeC
1032,2025-04-09 06:51:03,29.0,76.1,BuildingA_Floor2,TypeB
1068,2025-04-10 14:03:53,27.2,56.7,BuildingB_Floor1,TypeC
1074,2025-04-10 18:54:15,17.6,59.9,BuildingA_Floor2,TypeA
1079,2025-04-09 10:41:32,19.3,75.6,BuildingB_Floor2,TypeA
1064,2025-04-09 16:38:57,32.4,68.1,BuildingB_Floor1,TypeA
1029,2025-04-11 05:19:56,28.6,65.6,BuildingB_Floor1,TypeA
1074,2025-04-11 21:35:17,31.6,65.5,BuildingB_Floor1,TypeB
1088,2025-04-10 06:01:31,15.6,58.0,BuildingA_Floor1,TypeC
1042,2025-04-09 05:15:51,16.2,72.8,BuildingA_Floor2,TypeA
1081,2025-04-10 23:16:11,28.7,74.8,BuildingB_Floor1,TypeB
1060,2025-04-11 09:48:41,34.8,79.6,BuildingB_Floor2,TypeA
1086,2025-04-09 08:30:43,23.2,77.3,BuildingB_Floor1,TypeC
1070,2025-04-10 01:02:34,32.0,50.9,BuildingB_Floor1,TypeC
1030,2025-04-10 01:58:17,16.5,50.2,BuildingB_Floor2,TypeB
1022,2025-04-11 09:44:29,30.2,75.6,BuildingB_Floor2,TypeA
1096,2025-04-10 14:48:02,18.4,52.3,BuildingA_Floor2,TypeA
1026,2025-04-11 10:31:13,17.7,76.2,BuildingB_Floor1,TypeA
1095,2025-04-11 16:40:01,17.4,75.3,BuildingB_Floor2,TypeC
1048,2025-04-10 03:02:28,30.2,77.6,BuildingA_Floor1,TypeB
1016,2025-04-09 11:56:49,33.4,68.1,BuildingA_Floor1,TypeC
1049,2025-04-09 00:44:12,15.6,74.7,BuildingA_Floor1,TypeC
1015,2025-04-09 11:25:28,32.7,67.2,BuildingB_Floor1,TypeB
1048,2025-04-09 19:33:55,33.2,77.9,BuildingA_Floor2,TypeA
1013,2025-04-09 01:56:44,23.3,58.2,BuildingA_Floor1,TypeB
1009,2025-04-09 15:27:45,31.4,56.0,BuildingA_Floor1,TypeB
1000,2025-04-09 00:43:14,31.8,69.8,BuildingA_Floor2,TypeB
1015,2025-04-10 13:56:10,33.3,54.8,BuildingB_Floor1,TypeC
1057,2025-04-11 16:02:20,32.5,59.3,BuildingA_Floor1,TypeB
1012,2025-04-10 14:59:14,16.7,64.2,BuildingB_Floor2,TypeB
1011,2025-04-10 19:21:11,21.6,76.9,BuildingA_Floor2,TypeB
1000,2025-04-10 20:02:58,20.8,53.2,BuildingB_Floor1,TypeA
1057,2025-04-11 08:11:55,25.0,78.6,BuildingA_Floor1,TypeC
1003,2025-04-11 14:33:07,22.1,71.0,BuildingA_Floor2,TypeC
1079,2025-04-10 21:41:30,32.5,57.2,BuildingA_Floor1,TypeA
1003,2025-04-09 00:00:39,26.5,63.6,BuildingA_Floor1,TypeA
1021,2025-04-10 19:41:02,23.7,59.0,BuildingB_Floor1,TypeC
1081,2025-04-09 06:21:46,22.4,56.8,BuildingA_Floor1,TypeA
1051,2025-04-09 01:45:44,21.6,52.9,BuildingB_Floor2,TypeC
1048,2025-04-11 07:42:15,27.9,77.5,BuildingB_Floor1,TypeA
1056,2025-04-11 01:25:05,32.9,57.2,BuildingA_Floor1,TypeB
1043,2025-04-10 01:49:49,27.5,51.3,BuildingB_Floor2,TypeB
1073,2025-04-10 18:22:37,18.4,57.8,BuildingA_Floor2,TypeA
1013,2025-04-10 21:08:32,26.7,58.9,BuildingB_Floor1,TypeA
1058,2025-04-10 03:06:46,34.7,76.3,BuildingB_Floor1,TypeA
1008,2025-04-11 05:38:47,26.7,59.1,BuildingB_Floor1,TypeB
1019,2025-04-09 23:49:30,27.6,68.0,BuildingB_Floor2,TypeB
1050,2025-04-10 17:55:32,33.9,62.3,BuildingA_Floor2,TypeA
1030,2025-04-11 04:49:47,24.3,78.1,BuildingB_Floor1,TypeA
1031,2025-04-09 16:26:23,16.6,69.3,BuildingA_Floor2,TypeA
1071,2025-04-09 15:26:08,19.1,77.6,BuildingB_Floor2,TypeB
1072,2025-04-11 01:52:13,20.6,61.8,BuildingA_Floor1,TypeC
1077,2025-04-08 22:52:51,18.0,58.6,BuildingB_Floor2,TypeC
1017,2025-04-10 17:33:09,27.2,64.2,BuildingA_Floor2,TypeB
1006,2025-04-11 20:36:09,21.8,50.5,BuildingA_Floor1,TypeC
1090,2025-04-11 16:54:18,22.7,74.8,BuildingA_Floor2,TypeA
1027,2025-04-09 20:08:39,29.7,69.1,BuildingA_Floor2,TypeC
1082,2025-04-09 02:48:39,22.1,66.9,BuildingA_Floor1,TypeA
1075,2025-04-09 16:53:04,22.8,61.9,BuildingA_Floor2,TypeB
1018,2025-04-10 06:30:54,31.2,50.4,BuildingB_Floor2,TypeC
1074,2025-04-11 11:08:27,19.2,75.4,BuildingA_Floor1,TypeB
1002,2025-04-11 03:05:32,28.2,68.1,BuildingA_Floor2,TypeB
1091,2025-04-09 11:34:24,29.3,72.4,BuildingA_Floor1,TypeC
1066,2025-04-11 09:14:53,19.6,60.0,BuildingB_Floor2,TypeA
1017,2025-04-11 16:08:33,21.8,53.9,BuildingB_Floor2,TypeC
1034,2025-04-09 18:07:48,19.7,59.0,BuildingA_Floor1,TypeA
1040,2025-04-09 18:49:44,29.4,76.3,BuildingB_Floor1,TypeB
1009,2025-04-09 07:33:54,28.1,58.6,BuildingA_Floor2,TypeA
1028,2025-04-11 17:34:16,27.5,56.9,BuildingA_Floor2,TypeB
1018,2025-04-11 10:45:15,15.2,55.4,BuildingA_Floor2,TypeA
1038,2025-04-10 14:37:14,15.4,64.0,BuildingA_Floor1,TypeA
1092,2025-04-10 12:03:00,33.6,79.9,BuildingA_Floor2,TypeC
1024,2025-04-10 13:11:23,32.6,73.1,BuildingB_Floor2,TypeA
1032,2025-04-11 09:37:42,28.0,56.3,BuildingB_Floor1,TypeC
1021,2025-04-11 16:27:02,33.6,79.1,BuildingB_Floor1,TypeA
1044,2025-04-09 14:09:46,32.4,53.3,BuildingB_Floor1,TypeC
1011,2025-04-11 20:30:04,31.8,77.6,BuildingA_Floor1,TypeA
1082,2025-04-11 04:00:51,32.6,62.7,BuildingA_Floor1,TypeC
1056,2025-04-10 07:52:28,18.5,77.3,BuildingB_Floor2,TypeC
1030,2025-04-11 16:26:08,29.5,64.3,BuildingB_Floor2,TypeC
1019,2025-04-11 07:50:29,18.1,79.9,BuildingA_Floor2,TypeB
1017,2025-04-10 06:51:38,18.4,72.0,BuildingA_Floor2,TypeA
1039,2025-04-10 13:49:22,31.9,72.9,BuildingB_Floor1,TypeA
1065,2025-04-11 03:05:30,32.7,60.1,BuildingB_Floor2,TypeC
1025,2025-04-11 08:51:58,31.9,66.6,BuildingB_Floor1,TypeA
1014,2025-04-09 12:52:57,29.6,67.4,BuildingB_Floor1,TypeC
1032,2025-04-10 16:43:57,15.2,57.1,BuildingA_Floor1,TypeA
1024,2025-04-11 05:11:20,22.1,77.1,BuildingB_Floor1,TypeB
1043,2025-04-10 01:39:34,19.9,71.8,BuildingB_Floor1,TypeA
1047,2025-04-09 04:50:20,15.9,61.9,BuildingB_Floor2,TypeB
1046,2025-04-10 08:22:40,27.0,77.2,BuildingB_Floor1,TypeB
1053,2025-04-09 04:46:40,28.5,58.7,BuildingA_Floor1,TypeC
1062,2025-04-09 19:18:25,29.7,50.4,BuildingB_Floor1,TypeB
1094,2025-04-11 21:01:40,26.3,71.1,BuildingA_Floor2,TypeA
1077,2025-04-09 18:13:01,34.3,71.2,BuildingB_Floor1,TypeB
1034,2025-04-09 13:52:04,33.9,68.9,BuildingA_Floor2,TypeB
1047,2025-04-09 20:09:52,30.7,63.5,BuildingA_Floor1,TypeC
1009,2025-04-11 07:50:48,25.9,60.8,BuildingB_Floor1,TypeA
1069,2025-04-09 12:46:44,33.7,67.1,BuildingA_Floor2,TypeC
1025,2025-04-09 08:22:10,22.2,68.5,BuildingA_Floor2,TypeA
1086,2025-04-11 00:35:35,19.1,58.9,BuildingB_Floor1,TypeB
1039,2025-04-09 16:13:19,34.8,58.2,BuildingB_Floor1,TypeB
1001,2025-04-09 05:12:56,19.2,51.3,BuildingB_Floor1,TypeC
1089,2025-04-11 06:26:18,32.1,73.2,BuildingA_Floor2,TypeA
1099,2025-04-11 12:48:16,21.2,64.0,BuildingB_Floor1,TypeC
1014,2025-04-11 19:26:56,17.9,58.0,BuildingA_Floor2,TypeA
1064,2025-04-10 10:22:46,26.4,66.3,BuildingB_Floor2,TypeA
1040,2025-04-10 22:46:53,34.3,54.6,BuildingA_Floor1,TypeC
1053,2025-04-10 03:22:38,19.4,79.1,BuildingA_Floor1,TypeA
1082,2025-04-11 01:48:49,22.3,50.9,BuildingA_Floor1,TypeC
1074,2025-04-09 06:29:37,17.8,60.1,BuildingB_Floor1,TypeB
1027,2025-04-10 06:42:31,34.3,75.4,BuildingA_Floor2,TypeA
1058,2025-04-09 06:37:28,26.7,67.7,BuildingA_Floor1,TypeB
1032,2025-04-09 10:00:25,30.4,76.8,BuildingA_Floor2,TypeB
1003,2025-04-11 05:55:00,16.9,50.1,BuildingA_Floor1,TypeA
1006,2025-04-10 13:22:25,15.9,76.2,BuildingA_Floor1,TypeA
1055,2025-04-11 16:19:37,30.1,65.1,BuildingB_Floor2,TypeB
1051,2025-04-10 07:54:17,28.4,61.2,BuildingA_Floor1,TypeC
1007,2025-04-10 16:10:33,19.8,58.1,BuildingA_Floor2,TypeB
1100,2025-04-10 16:44:23,16.4,56.7,BuildingB_Floor2,TypeA
1040,2025-04-10 20:18:35,21.3,58.5,BuildingA_Floor2,TypeA
1035,2025-04-10 11:58:17,21.3,73.7,BuildingB_Floor2,TypeA
1027,2025-04-10 14:03:35,29.1,67.3,BuildingB_Floor2,TypeB
1063,2025-04-10 04:50:32,28.7,72.2,BuildingB_Floor2,TypeB
1021,2025-04-09 16:03:46,34.1,68.6,BuildingA_Floor1,TypeC
1095,2025-04-10 01:09:46,29.3,79.7,BuildingA_Floor1,TypeA
1066,2025-04-10 21:40:31,28.2,52.1,BuildingB_Floor2,TypeB
1068,2025-04-09 13:38:41,26.2,67.9,BuildingA_Floor1,TypeB
1042,2025-04-09 01:45:50,17.4,55.6,BuildingA_Floor1,TypeC
1028,2025-04-10 16:37:48,20.5,76.6,BuildingA_Floor1,TypeA
1037,2025-04-11 11:49:11,19.8,65.0,BuildingB_Floor2,TypeB
1055,2025-04-10 23:25:22,18.9,72.1,BuildingA_Floor1,TypeB
1063,2025-04-11 08:43:33,31.6,57.6,BuildingB_Floor2,TypeA
1006,2025-04-09 10:20:47,23.0,73.0,BuildingA_Floor1,TypeB
1053,2025-04-11 00:22:27,34.5,62.6,BuildingB_Floor1,TypeC
1085,2025-04-09 05:17:02,21.2,74.1,BuildingA_Floor1,TypeC
1091,2025-04-10 11:07:04,32.4,57.5,BuildingA_Floor1,TypeC
1021,2025-04-10 19:07:57,34.0,61.6,BuildingA_Floor1,TypeB
1093,2025-04-09 06:43:58,16.5,59.7,BuildingB_Floor1,TypeC
1052,2025-04-10 19:02:47,27.2,73.5,BuildingA_Floor1,TypeB
1096,2025-04-10 04:11:04,15.3,61.0,BuildingA_Floor2,TypeC
1092,2025-04-10 02:14:51,19.4,51.4,BuildingA_Floor1,TypeC
1021,2025-04-10 07:34:35,24.5,77.7,BuildingA_Floor1,TypeC
1062,2025-04-09 03:44:04,15.5,73.1,BuildingA_Floor1,TypeB
1096,2025-04-09 12:37:48,21.5,69.6,BuildingB_Floor2,TypeC
1032,2025-04-08 23:41:28,16.3,58.3,BuildingB_Floor1,TypeB
1019,2025-04-10 23:57:17,27.5,77.6,BuildingB_Floor1,TypeC
1048,2025-04-11 10:08:37,33.8,73.6,BuildingA_Floor2,TypeC
1018,2025-04-10 18:32:21,29.9,75.2,BuildingA_Floor2,TypeC
1096,2025-04-09 20:09:30,16.0,54.4,BuildingA_Floor2,TypeC
1091,2025-04-11 05:26:33,27.8,56.0,BuildingB_Floor2,TypeC
1055,2025-04-10 23:57:31,28.3,64.0,BuildingA_Floor2,TypeC
1044,2025-04-10 10:31:49,30.9,50.9,BuildingA_Floor2,TypeB
1050,2025-04-09 04:32:09,33.4,51.8,BuildingA_Floor2,TypeC
1005,2025-04-11 14:46:38,24.2,73.1,BuildingA_Floor1,TypeA
1033,2025-04-09 17:03:12,26.7,63.2,BuildingA_Floor2,TypeB
1023,2025-04-11 09:36:10,29.1,59.8,BuildingB_Floor2,TypeA
1056,2025-04-11 13:33:54,27.4,72.2,BuildingA_Floor2,TypeA
1072,2025-04-09 19:30:50,26.9,78.6,BuildingA_Floor2,TypeA
1010,2025-04-11 00:03:48,16.0,64.9,BuildingB_Floor1,TypeA
1085,2025-04-11 22:09:56,26.8,60.5,BuildingA_Floor1,TypeC
1033,2025-04-10 08:02:17,16.8,68.0,BuildingA_Floor2,TypeA
1089,2025-04-10 14:19:45,22.0,64.9,BuildingA_Floor2,TypeC
1026,2025-04-11 15:09:09,17.8,56.8,BuildingB_Floor2,TypeB
1025,2025-04-11 16:02:07,24.0,67.8,BuildingB_Floor2,TypeA
1100,2025-04-10 00:20:06,21.3,58.2,BuildingB_Floor1,TypeC
1096,2025-04-10 18:31:22,18.9,55.9,BuildingB_Floor2,TypeC
1080,2025-04-10 06:00:17,21.6,71.9,BuildingB_Floor1,TypeB
1043,2025-04-09 18:50:50,24.5,63.6,BuildingA_Floor1,TypeC
1041,2025-04-09 14:58:13,31.2,77.6,BuildingB_Floor1,TypeC
1089,2025-04-11 12:08:35,17.0,69.8,BuildingB_Floor1,TypeA
1035,2025-04-11 01:21:49,16.4,72.6,BuildingB_Floor1,TypeB
1099,2025-04-09 21:39:57,29.5,59.5,BuildingA_Floor2,TypeB
1027,2025-04-11 13:39:47,32.5,63.1,BuildingA_Floor1,TypeC
1047,2025-04-11 02:28:20,31.7,78.9,BuildingB_Floor2,TypeC
1081,2025-04-10 13:58:15,16.2,72.3,BuildingB_Floor1,TypeB
1041,2025-04-11 11:16:05,32.3,56.4,BuildingB_Floor2,TypeC
1098,2025-04-10 01:12:47,17.9,54.6,BuildingB_Floor1,TypeC
1093,2025-04-09 05:56:18,17.4,71.4,BuildingA_Floor2,TypeB
1007,2025-04-11 15:00:28,30.5,59.7,BuildingB_Floor2,TypeB
1044,2025-04-09 19:10:15,18.9,52.3,BuildingB_Floor2,TypeC
1070,2025-04-10 23:35:42,23.0,60.8,BuildingB_Floor1,TypeB
1052,2025-04-09 01:32:18,26.6,65.1,BuildingB_Floor1,TypeB
1077,2025-04-09 10:08:22,29.8,77.3,BuildingB_Floor2,TypeB
1096,2025-04-09 00:27:53,34.1,79.0,BuildingA_Floor1,TypeB
1067,2025-04-09 02:19:06,21.2,71.2,BuildingA_Floor2,TypeA
1058,2025-04-10 00:40:32,33.1,54.0,BuildingB_Floor1,TypeA
1037,2025-04-09 12:32:33,26.7,56.3,BuildingB_Floor1,TypeB
1081,2025-04-10 11:19:18,17.1,64.6,BuildingA_Floor1,TypeC
1002,2025-04-10 18:25:59,33.3,75.0,BuildingA_Floor2,TypeB
1072,2025-04-11 03:01:29,21.9,69.4,BuildingB_Floor2,TypeC
1030,2025-04-10 02:22:58,27.2,56.4,BuildingA_Floor2,TypeA
1010,2025-04-09 13:32:11,24.3,74.7,BuildingB_Floor2,TypeA
1054,2025-04-09 13:01:33,26.4,55.2,BuildingB_Floor2,TypeA
1100,2025-04-11 01:37:26,26.7,60.3,BuildingA_Floor1,TypeC
1070,2025-04-09 12:21:28,27.3,64.2,BuildingA_Floor2,TypeB
1040,2025-04-09 20:44:08,20.7,66.5,BuildingA_Floor1,TypeB
1001,2025-04-09 02:10:02,24.3,51.4,BuildingA_Floor2,TypeC
1047,2025-04-10 20:08:21,27.9,60.8,BuildingA_Floor1,TypeC
1085,2025-04-09 17:25:46,20.1,66.6,BuildingB_Floor2,TypeA
1063,2025-04-11 13:58:32,27.8,69.6,BuildingA_Floor1,TypeC
1096,2025-04-10 09:13:09,19.4,66.7,BuildingB_Floor1,TypeB
1064,2025-04-10 16:00:21,29.7,67.9,BuildingB_Floor1,TypeC
1062,2025-04-11 00:04:33,22.4,51.4,BuildingA_Floor2,TypeA
1052,2025-04-09 02:03:15,28.7,68.3,BuildingA_Floor2,TypeA
1093,2025-04-11 05:14:56,34.2,50.9,BuildingB_Floor1,TypeA
1014,2025-04-10 22:10:52,29.9,55.8,BuildingB_Floor1,TypeA
1043,2025-04-09 22:50:28,18.4,52.7,BuildingB_Floor1,TypeC
1021,2025-04-09 14:59:55,29.3,50.0,BuildingB_Floor1,TypeA
1048,2025-04-09 13:53:16,21.6,55.9,BuildingB_Floor2,TypeA
1065,2025-04-08 23:54:16,22.3,78.0,BuildingA_Floor1,TypeC
1080,2025-04-10 09:04:59,29.3,68.7,BuildingB_Floor1,TypeB
1070,2025-04-09 02:00:18,21.0,70.7,BuildingB_Floor2,TypeB
1091,2025-04-11 01:05:44,21.5,60.9,BuildingB_Floor1,TypeC
1008,2025-04-10 19:28:33,26.6,55.8,BuildingB_Floor2,TypeC
1095,2025-04-11 10:18:55,25.5,63.3,BuildingA_Floor2,TypeB
1056,2025-04-09 06:12:32,32.7,50.9,BuildingA_Floor1,TypeA
1095,2025-04-09 03:10:35,26.8,59.2,BuildingA_Floor1,TypeA
1085,2025-04-10 08:50:12,30.2,79.7,BuildingB_Floor2,TypeA
1071,2025-04-10 08:08:49,20.3,78.0,BuildingA_Floor2,TypeB
1014,2025-04-10 18:22:30,22.6,79.4,BuildingB_Floor2,TypeA
1051,2025-04-11 20:42:55,24.9,71.2,BuildingB_Floor1,TypeB
1016,2025-04-11 07:14:36,22.6,62.0,BuildingB_Floor1,TypeB
1040,2025-04-09 06:39:55,30.6,73.3,BuildingA_Floor2,TypeC
1012,2025-04-10 10:05:13,24.6,53.7,BuildingB_Floor2,TypeB
1004,2025-04-09 16:41:17,28.6,59.5,BuildingA_Floor1,TypeB
1039,2025-04-10 08:15:28,23.3,76.5,BuildingB_Floor1,TypeB
1008,2025-04-09 16:57:11,18.4,62.7,BuildingA_Floor1,TypeC
1036,2025-04-09 08:55:59,16.5,71.2,BuildingA_Floor1,TypeB
1018,2025-04-09 04:24:10,33.6,71.1,BuildingB_Floor1,TypeB
1096,2025-04-09 01:22:02,19.4,73.3,BuildingB_Floor2,TypeC
1088,2025-04-09 15:57:08,28.3,58.1,BuildingB_Floor1,TypeB
1098,2025-04-09 10:55:56,15.5,73.6,BuildingA_Floor2,TypeA
1045,2025-04-11 15:37:44,28.1,59.3,BuildingB_Floor2,TypeC
1084,2025-04-09 20:57:44,27.1,71.7,BuildingB_Floor2,TypeC
1008,2025-04-10 04:03:29,29.8,75.3,BuildingB_Floor2,TypeA
1059,2025-04-10 05:55:40,23.0,66.4,BuildingA_Floor2,TypeA
1071,2025-04-11 04:48:56,19.3,68.3,BuildingB_Floor2,TypeC
1060,2025-04-11 12:34:40,29.5,50.3,BuildingB_Floor2,TypeB
1056,2025-04-09 06:02:54,23.8,60.7,BuildingA_Floor1,TypeC
1055,2025-04-11 01:40:14,23.2,76.9,BuildingB_Floor1,TypeB
1033,2025-04-08 22:59:32,20.0,53.5,BuildingA_Floor1,TypeC
1060,2025-04-11 09:43:49,25.1,61.5,BuildingA_Floor1,TypeC
1093,2025-04-10 15:29:30,20.5,69.9,BuildingB_Floor2,TypeA
1045,2025-04-09 06:41:55,22.2,68.6,BuildingA_Floor2,TypeB
1019,2025-04-11 17:05:14,24.9,59.2,BuildingA_Floor1,TypeA
1098,2025-04-09 09:39:20,29.0,77.5,BuildingA_Floor2,TypeB
1037,2025-04-10 22:25:43,18.2,54.2,BuildingA_Floor1,TypeB
1056,2025-04-09 17:33:29,20.9,54.2,BuildingA_Floor1,TypeA
1017,2025-04-10 14:58:11,18.1,61.3,BuildingA_Floor1,TypeC
1049,2025-04-09 10:29:45,24.1,77.3,BuildingB_Floor1,TypeA
1081,2025-04-09 17:25:58,29.0,64.9,BuildingB_Floor1,TypeB
1064,2025-04-09 07:45:43,29.7,67.9,BuildingB_Floor2,TypeB
1060,2025-04-11 17:13:33,23.4,76.8,BuildingB_Floor1,TypeB
1049,2025-04-10 12:32:12,32.8,65.8,BuildingB_Floor2,TypeA
1070,2025-04-11 03:24:57,28.9,56.0,BuildingA_Floor1,TypeB
1099,2025-04-11 08:18:18,25.8,59.0,BuildingB_Floor1,TypeC
1027,2025-04-11 05:26:30,28.5,73.9,BuildingA_Floor1,TypeA
1036,2025-04-10 13:59:11,20.7,63.5,BuildingB_Floor1,TypeB
1043,2025-04-09 12:22:58,29.0,79.7,BuildingA_Floor2,TypeB
1012,2025-04-11 03:34:53,30.3,56.7,BuildingA_Floor2,TypeB
1002,2025-04-10 16:28:20,32.5,61.0,BuildingB_Floor2,TypeA
1052,2025-04-10 17:36:24,19.2,56.2,BuildingB_Floor2,TypeA
1077,2025-04-09 14:31:25,22.6,56.4,BuildingA_Floor2,TypeB
1025,2025-04-10 21:53:02,25.2,72.0,BuildingB_Floor1,TypeA
1034,2025-04-09 14:40:25,28.6,68.2,BuildingB_Floor2,TypeC
1053,2025-04-09 23:38:26,33.2,58.6,BuildingB_Floor1,TypeA
1050,2025-04-09 02:42:12,24.0,71.2,BuildingA_Floor2,TypeB
1006,2025-04-11 08:29:19,20.5,61.8,BuildingA_Floor1,TypeC
1019,2025-04-09 12:58:28,18.2,61.0,BuildingB_Floor2,TypeA
1036,2025-04-09 09:05:58,19.4,66.7,BuildingA_Floor2,TypeC
1070,2025-04-10 15:39:43,26.5,58.8,BuildingB_Floor1,TypeC
1086,2025-04-10 10:10:32,33.1,51.1,BuildingB_Floor2,TypeA
1002,2025-04-09 15:49:11,29.9,65.5,BuildingB_Floor2,TypeC
1082,2025-04-09 07:09:59,21.3,67.2,BuildingB_Floor2,TypeA
1035,2025-04-09 10:02:01,17.8,51.9,BuildingA_Floor2,TypeB
1023,2025-04-10 06:59:53,33.3,67.7,BuildingA_Floor1,TypeA
1079,2025-04-10 04:13:56,31.1,78.3,BuildingB_Floor2,TypeC
1076,2025-04-09 06:26:19,30.6,79.3,BuildingB_Floor2,TypeC
1022,2025-04-09 08:35:30,34.3,59.6,BuildingB_Floor1,TypeC
1055,2025-04-10 14:18:06,27.8,63.6,BuildingB_Floor2,TypeA
1092,2025-04-11 20:41:43,21.6,55.7,BuildingB_Floor2,TypeB
1056,2025-04-10 15:06:51,18.7,58.3,BuildingA_Floor2,TypeB
1070,2025-04-11 14:17:15,24.9,78.2,BuildingB_Floor2,TypeA
1062,2025-04-09 02:29:33,27.7,63.8,BuildingA_Floor2,TypeA
1092,2025-04-10 05:42:47,16.7,77.0,BuildingB_Floor2,TypeA
1034,2025-04-09 16:01:01,23.5,57.7,BuildingB_Floor1,TypeA
1070,2025-04-09 03:39:32,22.0,50.3,BuildingB_Floor1,TypeC
1026,2025-04-09 05:09:29,19.5,68.1,BuildingA_Floor2,TypeA
1098,2025-04-11 04:43:41,23.6,62.6,BuildingB_Floor2,TypeC
1099,2025-04-11 10:59:43,18.9,77.5,BuildingB_Floor1,TypeA
1086,2025-04-11 04:20:45,33.1,71.2,BuildingA_Floor2,TypeC
1044,2025-04-11 07:28:29,29.3,62.5,BuildingB_Floor2,TypeC
1015,2025-04-11 04:49:13,20.8,70.9,BuildingB_Floor2,TypeC
1058,2025-04-09 02:18:31,27.1,78.1,BuildingA_Floor2,TypeB
1015,2025-04-11 03:41:42,33.4,63.7,BuildingB_Floor1,TypeA
1072,2025-04-10 13:17:56,24.6,69.3,BuildingA_Floor1,TypeB
1020,2025-04-11 03:57:50,21.7,52.9,BuildingB_Floor2,TypeA
1050,2025-04-11 12:30:30,15.6,50.5,BuildingA_Floor2,TypeC
1038,2025-04-09 19:11:01,32.9,59.0,BuildingB_Floor1,TypeA
1074,2025-04-10 08:11:03,17.8,63.9,BuildingB_Floor2,TypeC
1000,2025-04-11 04:20:19,33.3,53.2,BuildingA_Floor1,TypeC
1035,2025-04-11 09:03:25,23.8,76.0,BuildingB_Floor2,TypeC
1079,2025-04-09 19:22:46,23.4,79.2,BuildingB_Floor2,TypeB
1016,2025-04-10 07:41:14,23.2,51.2,BuildingA_Floor1,TypeC
1024,2025-04-11 21:20:56,15.9,75.9,BuildingB_Floor1,TypeC
1007,2025-04-10 06:08:58,33.0,72.7,BuildingB_Floor1,TypeC
1020,2025-04-11 22:31:20,18.9,78.6,BuildingA_Floor2,TypeB
1099,2025-04-10 18:12:16,23.8,60.2,BuildingB_Floor2,TypeC
1033,2025-04-10 12:30:50,29.2,50.4,BuildingB_Floor2,TypeA
1068,2025-04-10 03:12:05,18.5,60.5,BuildingA_Floor2,TypeA
1043,2025-04-09 16:58:30,16.5,51.9,BuildingB_Floor1,TypeA
1025,2025-04-09 07:53:51,24.9,71.8,BuildingA_Floor2,TypeC
1012,2025-04-11 14:35:09,15.8,55.5,BuildingB_Floor1,TypeA
1073,2025-04-10 18:28:05,33.3,76.2,BuildingA_Floor2,TypeA
1027,2025-04-11 07:19:37,29.9,59.6,BuildingB_Floor2,TypeC
1078,2025-04-11 03:01:32,17.1,54.2,BuildingB_Floor2,TypeC
1005,2025-04-10 09:33:41,18.2,70.7,BuildingA_Floor2,TypeA
1092,2025-04-10 03:57:28,18.9,64.2,BuildingA_Floor1,TypeB
1089,2025-04-09 20:19:21,28.7,52.2,BuildingB_Floor2,TypeB
1064,2025-04-10 00:46:20,31.8,66.9,BuildingB_Floor2,TypeA
1029,2025-04-09 11:01:18,25.5,67.9,BuildingB_Floor2,TypeB
1052,2025-04-10 09:33:17,31.6,69.5,BuildingB_Floor2,TypeC
1006,2025-04-10 18:16:01,30.0,71.0,BuildingB_Floor2,TypeB
1017,2025-04-10 23:24:52,34.1,53.9,BuildingB_Floor1,TypeB
1046,2025-04-09 11:40:52,19.4,56.7,BuildingA_Floor1,TypeB
1083,2025-04-10 03:41:34,19.7,52.5,BuildingA_Floor1,TypeB
1067,2025-04-08 22:53:13,16.4,74.4,BuildingB_Floor2,TypeC
1069,2025-04-10 03:15:18,31.3,50.9,BuildingB_Floor1,TypeA
1010,2025-04-10 15:11:38,22.2,79.1,BuildingA_Floor1,TypeB
1042,2025-04-09 12:39:16,18.6,66.7,BuildingB_Floor2,TypeC
1071,2025-04-09 12:41:32,17.1,50.4,BuildingA_Floor2,TypeA
1010,2025-04-10 17:32:46,22.4,68.6,BuildingA_Floor2,TypeB
1021,2025-04-11 08:23:47,26.7,79.8,BuildingA_Floor1,TypeB
1016,2025-04-11 17:03:06,32.9,66.6,BuildingA_Floor2,TypeB
1061,2025-04-10 15:00:05,22.3,60.8,BuildingA_Floor2,TypeC
1032,2025-04-09 15:42:27,32.2,60.8,BuildingB_Floor1,TypeB
1060,2025-04-10 01:20:52,29.0,78.1,BuildingB_Floor1,TypeC
1082,2025-04-09 11:13:37,33.0,73.4,BuildingB_Floor1,TypeC
1074,2025-04-11 16:09:34,29.5,51.0,BuildingA_Floor2,TypeC
1028,2025-04-09 22:31:58,18.5,68.1,BuildingA_Floor2,TypeC
1065,2025-04-10 21:04:04,27.8,63.1,BuildingB_Floor1,TypeB
1019,2025-04-09 02:37:43,23.4,58.7,BuildingA_Floor1,TypeB
1024,2025-04-09 03:30:41,26.4,66.9,BuildingA_Floor2,TypeB
1007,2025-04-11 05:27:38,21.6,59.9,BuildingA_Floor1,TypeA
1063,2025-04-10 04:52:47,17.2,64.6,BuildingB_Floor1,TypeB
1080,2025-04-11 09:19:05,27.4,71.0,BuildingA_Floor1,TypeB
1086,2025-04-10 00:21:29,21.7,50.4,BuildingA_Floor1,TypeB
1042,2025-04-10 04:44:52,17.6,58.0,BuildingB_Floor1,TypeA
1012,2025-04-10 23:21:17,33.7,75.5,BuildingB_Floor2,TypeB
1039,2025-04-11 11:38:46,28.8,70.3,BuildingA_Floor1,TypeB
1079,2025-04-10 20:33:29,28.7,54.7,BuildingA_Floor1,TypeC
1023,2025-04-10 18:53:01,19.7,79.2,BuildingA_Floor1,TypeC
1060,2025-04-09 06:00:48,33.0,67.7,BuildingA_Floor1,TypeA
1019,2025-04-09 14:30:58,19.3,79.3,BuildingA_Floor1,TypeC
1085,2025-04-11 05:45:38,15.2,56.1,BuildingB_Floor2,TypeC
1002,2025-04-11 03:08:17,32.6,59.1,BuildingB_Floor2,TypeA
1078,2025-04-11 01:46:19,24.5,68.8,BuildingA_Floor1,TypeA
1014,2025-04-10 05:57:20,30.2,55.2,BuildingA_Floor1,TypeB
1049,2025-04-10 22:33:31,25.5,51.8,BuildingA_Floor2,TypeC
1049,2025-04-10 02:53:08,19.8,63.7,BuildingB_Floor1,TypeA
1098,2025-04-09 16:50:51,31.0,75.0,BuildingA_Floor1,TypeA
1006,2025-04-09 22:15:53,20.1,52.9,BuildingB_Floor1,TypeB
1073,2025-04-09 18:14:49,32.4,65.5,BuildingB_Floor2,TypeB
1038,2025-04-10 11:20:06,24.8,50.6,BuildingA_Floor2,TypeA
1038,2025-04-10 20:52:17,19.0,73.3,BuildingA_Floor1,TypeA
1086,2025-04-11 00:26:18,17.7,76.7,BuildingB_Floor2,TypeB
1029,2025-04-09 20:31:02,34.3,57.6,BuildingB_Floor2,TypeA
1047,2025-04-11 00:37:49,23.2,68.2,BuildingB_Floor1,TypeA
1000,2025-04-11 05:59:39,20.4,71.2,BuildingA_Floor1,TypeB
1077,2025-04-11 01:42:53,25.5,54.6,BuildingA_Floor1,TypeC
1005,2025-04-10 10:40:42,22.3,67.8,BuildingA_Floor2,TypeA
1031,2025-04-09 14:06:45,24.5,74.5,BuildingA_Floor2,TypeC
1095,2025-04-10 22:43:48,27.2,73.7,BuildingA_Floor1,TypeB
1044,2025-04-10 03:08:58,25.8,72.9,BuildingA_Floor2,TypeC
1061,2025-04-11 04:51:20,19.0,78.2,BuildingA_Floor2,TypeB
1017,2025-04-09 14:04:29,34.4,61.5,BuildingB_Floor1,TypeC
1041,2025-04-11 07:31:54,21.8,72.6,BuildingB_Floor2,TypeA
1047,2025-04-09 17:32:47,26.9,52.6,BuildingA_Floor2,TypeB
1086,2025-04-11 06:07:10,28.2,77.4,BuildingA_Floor2,TypeB
1016,2025-04-10 05:57:35,22.2,77.0,BuildingB_Floor1,TypeA
1024,2025-04-11 10:16:23,19.3,52.3,BuildingA_Floor1,TypeA
1005,2025-04-10 13:42:34,26.1,54.2,BuildingB_Floor2,TypeC
1097,2025-04-10 06:17:55,30.1,57.5,BuildingA_Floor2,TypeB
1048,2025-04-09 17:55:16,24.2,62.0,BuildingB_Floor2,TypeA
1014,2025-04-10 21:19:35,31.0,66.1,BuildingA_Floor2,TypeB
1047,2025-04-11 21:33:11,21.8,68.3,BuildingB_Floor2,TypeA
1052,2025-04-10 07:35:15,27.3,53.2,BuildingB_Floor2,TypeA
1047,2025-04-10 02:39:05,25.8,52.5,BuildingA_Floor2,TypeC
1016,2025-04-09 20:24:33,32.9,77.9,BuildingB_Floor2,TypeA
1024,2025-04-10 16:24:09,19.6,67.7,BuildingA_Floor1,TypeC
1040,2025-04-09 03:27:56,23.8,69.0,BuildingB_Floor1,TypeB
1013,2025-04-10 16:59:05,16.3,64.9,BuildingA_Floor2,TypeA
1035,2025-04-10 16:15:02,29.0,61.9,BuildingA_Floor2,TypeC
1057,2025-04-11 21:58:12,16.1,52.7,BuildingB_Floor1,TypeA
1053,2025-04-09 08:33:15,24.1,74.7,BuildingB_Floor1,TypeA
1040,2025-04-10 01:08:12,32.9,67.0,BuildingB_Floor1,TypeC
1021,2025-04-09 08:43:27,15.5,71.7,BuildingB_Floor2,TypeA
1073,2025-04-10 14:15:12,30.6,73.8,BuildingB_Floor2,TypeC
1021,2025-04-11 20:47:34,29.6,77.6,BuildingA_Floor2,TypeA
1020,2025-04-10 18:22:56,24.4,65.0,BuildingA_Floor2,TypeC
1082,2025-04-11 18:27:18,19.9,63.2,BuildingB_Floor1,TypeC
1085,2025-04-09 21:06:40,22.6,62.4,BuildingB_Floor1,TypeC
1060,2025-04-11 03:25:40,15.5,71.1,BuildingA_Floor1,TypeB
1088,2025-04-10 13:38:47,20.0,53.4,BuildingA_Floor1,TypeB
1036,2025-04-09 16:06:27,23.8,50.4,BuildingA_Floor2,TypeC
1050,2025-04-09 03:25:09,33.8,68.2,BuildingA_Floor1,TypeC
1001,2025-04-10 16:06:58,29.7,65.9,BuildingA_Floor1,TypeB
1073,2025-04-09 21:35:47,29.2,74.4,BuildingA_Floor2,TypeC
1094,2025-04-09 07:36:55,18.3,52.1,BuildingA_Floor1,TypeA
1096,2025-04-09 21:56:53,16.5,58.7,BuildingB_Floor2,TypeA
1092,2025-04-11 04:21:38,17.2,50.8,BuildingA_Floor1,TypeC
1047,2025-04-11 00:47:59,16.0,75.7,BuildingA_Floor1,TypeB
1097,2025-04-11 20:54:11,34.6,57.1,BuildingB_Floor1,TypeA
1016,2025-04-10 03:17:13,29.0,74.4,BuildingA_Floor2,TypeC
1080,2025-04-09 14:02:39,31.1,61.9,BuildingA_Floor1,TypeA
1052,2025-04-11 14:46:46,24.5,75.9,BuildingB_Floor1,TypeC
1003,2025-04-11 03:00:59,18.2,64.9,BuildingA_Floor2,TypeB
1001,2025-04-09 05:13:36,27.0,51.1,BuildingA_Floor1,TypeA
1040,2025-04-09 15:16:12,30.6,69.4,BuildingB_Floor2,TypeB
1018,2025-04-09 04:33:14,21.8,61.0,BuildingB_Floor2,TypeB
1000,2025-04-10 09:49:00,23.0,60.9,BuildingA_Floor2,TypeA
1033,2025-04-10 19:17:23,26.7,61.9,BuildingB_Floor1,TypeC
1093,2025-04-09 10:31:14,32.1,75.1,BuildingB_Floor2,TypeB
1092,2025-04-10 01:22:46,27.0,63.8,BuildingA_Floor2,TypeB
1045,2025-04-11 13:10:23,18.8,68.2,BuildingB_Floor1,TypeA
1066,2025-04-09 08:31:50,18.4,68.4,BuildingA_Floor2,TypeA
1008,2025-04-11 10:51:11,34.8,53.2,BuildingB_Floor2,TypeB
1061,2025-04-09 12:59:31,31.0,74.3,BuildingB_Floor2,TypeC
1090,2025-04-09 17:30:11,23.0,69.2,BuildingA_Floor2,TypeB
1050,2025-04-09 14:26:43,25.4,63.8,BuildingB_Floor2,TypeA
1034,2025-04-09 23:25:17,21.8,50.6,BuildingA_Floor1,TypeC
1042,2025-04-10 06:46:23,29.9,64.2,BuildingB_Floor2,TypeC
1064,2025-04-10 19:56:22,24.5,60.4,BuildingB_Floor2,TypeA
1032,2025-04-09 17:08:55,28.5,70.6,BuildingB_Floor1,TypeC
1008,2025-04-10 16:16:15,26.2,51.5,BuildingA_Floor2,TypeC
1012,2025-04-09 19:01:59,33.9,67.4,BuildingA_Floor1,TypeA
1086,2025-04-10 19:26:41,27.9,55.1,BuildingA_Floor1,TypeA
1099,2025-04-11 07:30:36,34.1,50.1,BuildingA_Floor2,TypeC
1073,2025-04-10 13:06:12,22.0,53.5,BuildingA_Floor1,TypeA
1060,2025-04-09 07:06:58,33.7,59.2,BuildingA_Floor1,TypeB
1054,2025-04-11 19:01:00,31.4,57.5,BuildingA_Floor2,TypeB
1084,2025-04-10 14:31:13,25.7,72.4,BuildingB_Floor2,TypeB
1066,2025-04-08 23:12:01,20.9,59.8,BuildingB_Floor2,TypeB
1086,2025-04-09 09:33:44,19.6,76.4,BuildingB_Floor2,TypeB
1003,2025-04-10 18:09:05,31.6,72.1,BuildingA_Floor2,TypeA
1064,2025-04-09 13:46:38,26.9,62.5,BuildingB_Floor1,TypeA
1063,2025-04-09 07:42:14,24.4,65.8,BuildingB_Floor2,TypeC
1085,2025-04-09 08:25:03,19.8,78.6,BuildingA_Floor1,TypeA
1083,2025-04-11 14:32:21,19.0,66.0,BuildingA_Floor2,TypeC
1073,2025-04-11 22:09:34,23.8,54.8,BuildingB_Floor2,TypeA
1078,2025-04-09 11:04:37,23.8,54.3,BuildingB_Floor1,TypeB
1001,2025-04-09 12:02:48,21.2,63.7,BuildingB_Floor1,TypeA
1045,2025-04-10 21:18:41,33.7,75.0,BuildingB_Floor2,TypeB
1015,2025-04-11 22:35:00,22.3,68.4,BuildingA_Floor2,TypeB
1007,2025-04-09 10:41:44,22.6,69.4,BuildingA_Floor2,TypeC
1009,2025-04-10 18:20:08,29.1,57.9,BuildingB_Floor2,TypeA
1083,2025-04-11 11:13:04,17.4,74.4,BuildingA_Floor1,TypeA
1019,2025-04-11 15:56:20,32.2,68.5,BuildingB_Floor2,TypeA
1008,2025-04-10 04:37:11,18.1,54.3,BuildingA_Floor2,TypeA
1008,2025-04-09 11:11:04,29.7,57.5,BuildingB_Floor2,TypeA
1027,2025-04-08 23:50:38,23.4,53.6,BuildingB_Floor2,TypeC
1067,2025-04-09 06:31:23,25.0,68.9,BuildingA_Floor2,TypeC
1055,2025-04-10 07:16:46,20.1,55.8,BuildingA_Floor2,TypeB
1057,2025-04-11 12:01:00,20.2,53.1,BuildingA_Floor2,TypeB
1027,2025-04-11 20:24:07,30.9,50.5,BuildingB_Floor2,TypeC
1011,2025-04-11 09:24:48,27.3,56.5,BuildingB_Floor2,TypeB
1079,2025-04-09 18:21:11,33.8,59.6,BuildingA_Floor2,TypeA
1028,2025-04-09 04:49:17,17.7,71.8,BuildingB_Floor2,TypeA
1003,2025-04-09 22:59:44,30.7,66.0,BuildingB_Floor2,TypeC
1020,2025-04-11 19:15:19,33.1,67.8,BuildingA_Floor1,TypeA
1059,2025-04-09 21:23:40,32.8,54.8,BuildingB_Floor2,TypeA
1096,2025-04-11 15:28:07,26.6,71.9,BuildingA_Floor1,TypeC
1069,2025-04-09 17:04:04,29.2,71.1,BuildingB_Floor2,TypeA
1020,2025-04-11 03:07:42,33.1,60.4,BuildingA_Floor1,TypeC
1061,2025-04-10 11:51:38,26.6,64.0,BuildingA_Floor1,TypeB
1009,2025-04-11 09:43:48,19.0,52.3,BuildingA_Floor1,TypeA
1098,2025-04-11 17:58:22,23.6,73.6,BuildingB_Floor1,TypeB
1040,2025-04-11 05:42:35,31.9,52.0,BuildingB_Floor1,TypeB
1075,2025-04-09 00:07:48,24.8,60.4,BuildingB_Floor2,TypeA
1031,2025-04-11 13:02:05,25.5,69.3,BuildingA_Floor1,TypeC
1088,2025-04-10 16:52:44,19.5,75.3,BuildingB_Floor2,TypeC
1080,2025-04-11 03:50:12,26.3,74.1,BuildingA_Floor1,TypeA
1097,2025-04-10 05:21:48,30.5,69.1,BuildingA_Floor1,TypeB
1012,2025-04-09 15:32:25,22.9,63.5,BuildingB_Floor2,TypeC
1057,2025-04-11 01:49:57,29.0,56.3,BuildingB_Floor1,TypeC
1068,2025-04-09 23:13:52,31.3,65.0,BuildingA_Floor2,TypeA
1076,2025-04-11 15:53:43,19.0,73.3,BuildingA_Floor1,TypeB
1058,2025-04-10 03:25:59,29.5,53.2,BuildingB_Floor2,TypeB
1007,2025-04-10 19:19:21,16.2,69.9,BuildingA_Floor2,TypeB
1083,2025-04-11 12:44:22,19.4,63.9,BuildingB_Floor2,TypeC
1008,2025-04-10 06:11:16,31.5,75.9,BuildingA_Floor2,TypeC
1002,2025-04-09 21:28:34,17.0,69.9,BuildingB_Floor2,TypeA
1070,2025-04-11 20:18:44,22.9,55.7,BuildingB_Floor1,TypeB
1095,2025-04-11 19:48:27,27.2,79.6,BuildingA_Floor1,TypeA
1089,2025-04-10 00:30:12,18.9,79.0,BuildingA_Floor2,TypeC
1072,2025-04-09 16:44:01,22.5,58.3,BuildingA_Floor2,TypeC
1074,2025-04-09 21:54:41,22.9,53.1,BuildingA_Floor1,TypeB
1041,2025-04-10 03:29:34,27.7,63.1,BuildingA_Floor2,TypeC
1088,2025-04-09 01:05:59,17.3,77.0,BuildingA_Floor2,TypeB
1069,2025-04-09 11:05:03,23.0,55.4,BuildingB_Floor2,TypeA
1082,2025-04-10 01:57:14,23.7,74.0,BuildingB_Floor2,TypeB
1092,2025-04-09 13:33:01,29.0,55.4,BuildingA_Floor1,TypeB
1086,2025-04-09 09:24:52,30.2,64.2,BuildingB_Floor1,TypeA
1051,2025-04-09 20:00:49,15.5,78.1,BuildingB_Floor2,TypeC
1018,2025-04-10 20:35:06,25.8,61.6,BuildingA_Floor1,TypeA
1100,2025-04-09 07:08:51,27.1,58.0,BuildingA_Floor2,TypeB
1091,2025-04-11 12:28:08,29.6,57.4,BuildingA_Floor1,TypeA
1002,2025-04-11 08:33:04,26.4,62.7,BuildingA_Floor2,TypeA
1088,2025-04-11 19:48:32,22.4,51.0,BuildingA_Floor1,TypeA
1050,2025-04-10 22:56:15,22.4,78.9,BuildingA_Floor2,TypeA
1015,2025-04-10 16:19:17,34.0,66.1,BuildingA_Floor2,TypeC
1031,2025-04-09 17:38:54,34.3,65.7,BuildingB_Floor1,TypeB
1065,2025-04-10 09:43:11,16.5,56.4,BuildingB_Floor1,TypeB
1004,2025-04-10 14:08:56,25.7,61.0,BuildingB_Floor2,TypeB
1030,2025-04-09 16:25:40,30.8,70.3,BuildingB_Floor2,TypeB
1041,2025-04-09 15:51:54,31.5,50.1,BuildingB_Floor1,TypeB
1065,2025-04-11 06:46:41,15.7,67.2,BuildingA_Floor1,TypeB
1073,2025-04-09 13:55:34,22.9,59.1,BuildingB_Floor2,TypeB
1054,2025-04-10 21:03:58,28.5,64.5,BuildingB_Floor1,TypeB
1020,2025-04-11 08:15:06,29.4,69.7,BuildingA_Floor2,TypeB
1030,2025-04-11 12:10:18,21.8,67.5,BuildingB_Floor1,TypeB
1091,2025-04-11 18:27:40,30.9,52.3,BuildingA_Floor1,TypeB
1016,2025-04-11 04:58:31,21.4,52.4,BuildingB_Floor1,TypeC
1035,2025-04-10 01:32:57,24.0,52.7,BuildingB_Floor2,TypeB
1009,2025-04-10 10:34:46,17.0,57.6,BuildingB_Floor1,TypeA
1080,2025-04-09 14:58:52,28.5,76.9,BuildingB_Floor2,TypeA
1020,2025-04-09 00:53:52,34.1,78.0,BuildingB_Floor1,TypeA
1026,2025-04-11 18:38:59,26.2,52.5,BuildingB_Floor2,TypeB
1092,2025-04-10 19:50:23,23.7,51.4,BuildingA_Floor2,TypeC
1027,2025-04-09 13:57:30,24.3,71.4,BuildingB_Floor2,TypeC
1025,2025-04-09 16:57:10,33.1,57.8,BuildingB_Floor1,TypeA
1076,2025-04-10 09:22:29,34.7,66.8,BuildingA_Floor2,TypeA
1037,2025-04-11 16:40:41,16.7,55.7,BuildingA_Floor2,TypeB
1030,2025-04-09 18:52:00,32.4,66.8,BuildingA_Floor1,TypeA
1026,2025-04-10 04:01:47,31.3,58.2,BuildingB_Floor2,TypeC
1059,2025-04-11 11:14:17,18.1,56.2,BuildingB_Floor2,TypeC
1071,2025-04-10 09:18:37,18.5,70.6,BuildingB_Floor1,TypeA
1096,2025-04-10 01:11:08,29.4,63.7,BuildingB_Floor2,TypeA
1044,2025-04-09 03:34:51,26.9,68.1,BuildingB_Floor2,TypeA
1028,2025-04-10 13:19:59,22.3,74.0,BuildingB_Floor1,TypeB
1035,2025-04-11 10:44:04,21.5,78.2,BuildingB_Floor1,TypeA
1080,2025-04-11 13:41:51,22.6,53.2,BuildingA_Floor1,TypeA
1016,2025-04-10 08:27:40,33.6,53.5,BuildingA_Floor2,TypeA
1003,2025-04-11 19:32:43,17.7,52.1,BuildingB_Floor2,TypeB
1095,2025-04-10 21:19:58,31.9,72.6,BuildingB_Floor1,TypeC
1056,2025-04-09 01:04:49,31.4,58.2,BuildingA_Floor1,TypeB
1097,2025-04-11 05:30:49,24.9,67.2,BuildingB_Floor2,TypeA
1049,2025-04-09 00:41:51,17.5,71.5,BuildingA_Floor1,TypeA
1064,2025-04-11 07:24:45,23.5,72.9,BuildingA_Floor1,TypeC
1059,2025-04-09 01:53:02,17.6,74.7,BuildingB_Floor2,TypeB
1040,2025-04-10 14:41:53,27.8,67.0,BuildingA_Floor1,TypeB
1030,2025-04-10 02:19:01,17.1,70.9,BuildingA_Floor2,TypeA
1001,2025-04-10 20:25:03,26.1,60.1,BuildingB_Floor2,TypeB
1052,2025-04-11 06:46:47,18.0,79.6,BuildingA_Floor1,TypeB
1069,2025-04-09 09:04:19,17.6,78.4,BuildingB_Floor1,TypeA
1003,2025-04-10 15:40:38,22.6,77.2,BuildingB_Floor1,TypeC
1069,2025-04-09 09:10:00,32.3,67.9,BuildingB_Floor1,TypeB
1006,2025-04-11 18:09:18,34.7,73.3,BuildingA_Floor2,TypeB
1038,2025-04-09 18:51:09,27.6,50.1,BuildingB_Floor2,TypeC
1031,2025-04-10 04:04:35,22.1,69.2,BuildingB_Floor1,TypeB
1034,2025-04-11 08:06:02,25.5,76.8,BuildingB_Floor2,TypeC
1013,2025-04-11 02:51:17,27.0,56.3,BuildingA_Floor2,TypeA
1053,2025-04-11 13:12:05,16.0,68.1,BuildingB_Floor2,TypeA
1044,2025-04-09 15:33:18,18.0,59.6,BuildingA_Floor2,TypeB
1054,2025-04-11 07:33:42,34.0,53.4,BuildingB_Floor2,TypeA
1061,2025-04-09 05:40:12,20.5,76.0,BuildingB_Floor1,TypeB
1058,2025-04-10 00:47:03,19.1,66.3,BuildingB_Floor2,TypeA
1065,2025-04-11 17:13:34,15.0,74.1,BuildingA_Floor1,TypeB
1031,2025-04-09 14:56:56,31.0,75.7,BuildingB_Floor2,TypeB
1079,2025-04-10 13:31:40,27.3,62.9,BuildingA_Floor2,TypeA
1094,2025-04-10 11:31:38,19.7,77.7,BuildingB_Floor2,TypeB
1020,2025-04-09 17:40:59,21.5,65.7,BuildingA_Floor2,TypeC
1010,2025-04-09 20:22:01,26.5,72.1,BuildingB_Floor2,TypeB
1083,2025-04-10 20:55:02,15.5,59.2,BuildingA_Floor2,TypeC
1009,2025-04-11 12:59:16,35.0,61.8,BuildingB_Floor1,TypeC
1098,2025-04-10 02:41:49,27.8,62.3,BuildingA_Floor2,TypeC
1036,2025-04-10 11:26:10,17.3,76.3,BuildingA_Floor2,TypeB
1079,2025-04-10 15:08:17,26.4,65.8,BuildingA_Floor2,TypeB
1057,2025-04-11 03:34:02,25.0,63.6,BuildingA_Floor1,TypeA
1023,2025-04-09 13:16:58,32.7,74.7,BuildingB_Floor1,TypeC
1047,2025-04-10 00:25:34,18.0,70.5,BuildingA_Floor2,TypeA
1045,2025-04-11 17:59:42,32.3,65.2,BuildingB_Floor1,TypeC
1071,2025-04-11 20:40:38,32.9,52.1,BuildingA_Floor2,TypeA
1043,2025-04-09 09:43:26,22.0,72.9,BuildingA_Floor1,TypeB
1044,2025-04-11 11:56:59,26.1,52.8,BuildingB_Floor2,TypeA
1075,2025-04-10 23:42:00,23.0,57.4,BuildingA_Floor1,TypeB
1072,2025-04-10 13:23:23,33.8,76.3,BuildingB_Floor2,TypeA
1029,2025-04-10 12:27:03,15.9,73.0,BuildingB_Floor2,TypeC
1095,2025-04-10 02:59:34,20.6,54.0,BuildingA_Floor1,TypeA
1070,2025-04-10 17:32:10,32.7,76.0,BuildingA_Floor2,TypeA
1089,2025-04-09 00:38:38,26.0,57.9,BuildingA_Floor1,TypeA
1094,2025-04-11 18:57:29,25.6,60.0,BuildingB_Floor1,TypeC
1003,2025-04-10 08:03:57,18.3,63.0,BuildingA_Floor2,TypeC
1100,2025-04-10 22:04:51,22.5,68.3,BuildingB_Floor1,TypeA
1088,2025-04-10 05:12:43,34.9,55.0,BuildingB_Floor1,TypeA
1088,2025-04-09 04:59:18,34.8,61.5,BuildingA_Floor2,TypeB
1042,2025-04-11 03:22:15,21.1,74.8,BuildingB_Floor1,TypeA
1089,2025-04-09 23:07:07,21.4,66.8,BuildingB_Floor1,TypeB
1092,2025-04-10 20:02:59,17.1,70.3,BuildingB_Floor2,TypeA
1082,2025-04-11 15:50:19,30.4,53.6,BuildingB_Floor2,TypeC
1008,2025-04-11 22:05:59,31.9,62.3,BuildingA_Floor1,TypeB
1020,2025-04-09 21:07:39,27.4,70.3,BuildingA_Floor2,TypeA
1002,2025-04-09 13:48:59,34.1,50.9,BuildingB_Floor2,TypeB
1020,2025-04-11 21:50:18,33.1,66.6,BuildingB_Floor2,TypeA
1054,2025-04-10 18:48:38,30.0,69.9,BuildingA_Floor2,TypeC
1028,2025-04-10 05:23:43,24.6,79.0,BuildingA_Floor2,TypeB
1005,2025-04-11 13:59:16,25.8,59.6,BuildingB_Floor1,TypeA
1080,2025-04-10 03:00:00,15.7,73.1,BuildingA_Floor2,TypeA
1006,2025-04-11 21:20:52,28.1,61.0,BuildingA_Floor2,TypeC
1084,2025-04-11 01:37:57,29.3,73.6,BuildingB_Floor1,TypeB
1089,2025-04-09 09:15:43,25.6,73.5,BuildingA_Floor2,TypeA
1021,2025-04-11 20:24:53,22.0,78.5,BuildingB_Floor2,TypeC
1035,2025-04-09 08:55:31,28.4,75.1,BuildingB_Floor2,TypeA
1056,2025-04-10 14:33:21,33.7,57.9,BuildingA_Floor1,TypeA
1024,2025-04-10 15:30:00,33.1,72.8,BuildingA_Floor2,TypeA
1084,2025-04-11 14:47:28,34.6,76.6,BuildingA_Floor2,TypeA
1031,2025-04-10 20:21:11,25.5,75.7,BuildingB_Floor1,TypeC
1083,2025-04-10 08:21:08,31.0,69.0,BuildingB_Floor2,TypeB
1041,2025-04-09 08:27:15,16.1,52.9,BuildingA_Floor1,TypeB
1100,2025-04-09 01:06:17,29.1,77.6,BuildingB_Floor2,TypeC
1067,2025-04-10 05:08:31,30.3,57.8,BuildingA_Floor2,TypeC
1033,2025-04-09 09:21:28,34.2,52.1,BuildingA_Floor2,TypeA
1084,2025-04-10 03:47:43,19.7,72.7,BuildingA_Floor2,TypeB
1059,2025-04-11 14:35:17,25.2,57.8,BuildingA_Floor1,TypeC
1100,2025-04-10 09:18:06,29.0,51.6,BuildingA_Floor1,TypeA
1087,2025-04-09 08:16:00,21.8,74.7,BuildingA_Floor2,TypeA
1081,2025-04-09 14:15:15,20.0,76.2,BuildingB_Floor2,TypeA
1006,2025-04-11 11:39:34,23.2,65.2,BuildingB_Floor2,TypeA
1014,2025-04-10 07:04:28,32.5,74.7,BuildingA_Floor1,TypeA
1005,2025-04-11 02:44:47,25.1,77.6,BuildingA_Floor2,TypeA
1085,2025-04-09 11:07:52,16.5,70.8,BuildingA_Floor1,TypeA
1099,2025-04-10 17:31:42,25.9,66.2,BuildingB_Floor1,TypeC
1010,2025-04-09 13:41:26,17.3,52.4,BuildingA_Floor2,TypeB
1080,2025-04-09 19:10:39,17.0,69.2,BuildingB_Floor2,TypeA
1062,2025-04-09 03:17:47,25.9,68.8,BuildingB_Floor2,TypeC
1054,2025-04-11 09:22:53,18.7,71.1,BuildingB_Floor2,TypeA
1011,2025-04-11 19:48:52,31.6,65.4,BuildingA_Floor1,TypeC
1025,2025-04-11 03:08:27,18.6,78.6,BuildingA_Floor2,TypeB
1025,2025-04-09 00:55:26,31.7,51.7,BuildingA_Floor1,TypeC
1026,2025-04-10 13:47:37,27.5,50.3,BuildingA_Floor1,TypeB
1040,2025-04-09 10:07:19,34.8,68.2,BuildingA_Floor2,TypeA
1041,2025-04-11 14:19:43,25.3,67.5,BuildingB_Floor1,TypeA
1036,2025-04-11 07:15:04,16.9,61.0,BuildingA_Floor1,TypeC
1020,2025-04-09 15:11:32,18.8,75.6,BuildingB_Floor1,TypeA
1051,2025-04-10 01:09:43,34.9,60.8,BuildingB_Floor1,TypeB
1069,2025-04-10 14:03:11,34.1,58.8,BuildingB_Floor2,TypeA
1088,2025-04-10 13:00:25,23.3,52.8,BuildingB_Floor2,TypeB
1033,2025-04-10 14:16:37,24.3,52.1,BuildingB_Floor1,TypeC
1041,2025-04-10 10:15:16,25.7,71.0,BuildingB_Floor2,TypeC
1014,2025-04-09 04:33:06,20.8,61.3,BuildingB_Floor2,TypeC
1062,2025-04-10 07:42:47,16.7,62.4,BuildingB_Floor1,TypeA
1037,2025-04-10 08:58:50,16.4,67.4,BuildingB_Floor1,TypeA
1076,2025-04-09 18:09:38,21.5,57.0,BuildingB_Floor2,TypeC
1041,2025-04-10 17:07:04,16.1,51.5,BuildingB_Floor2,TypeC
1084,2025-04-09 10:22:07,33.1,60.4,BuildingA_Floor2,TypeA
1066,2025-04-09 23:59:12,28.2,80.0,BuildingA_Floor1,TypeC
1022,2025-04-10 00:40:30,32.6,54.0,BuildingB_Floor1,TypeB
1023,2025-04-10 03:38:11,30.8,62.0,BuildingA_Floor1,TypeC
1060,2025-04-10 21:16:03,30.9,64.9,BuildingB_Floor1,TypeB
1070,2025-04-11 14:35:07,34.0,57.9,BuildingA_Floor1,TypeB
1100,2025-04-10 01:18:30,17.1,59.6,BuildingA_Floor1,TypeC
1048,2025-04-10 19:10:29,26.0,63.8,BuildingB_Floor2,TypeC
1009,2025-04-09 08:41:39,15.7,75.6,BuildingA_Floor1,TypeA
1067,2025-04-10 02:24:58,30.0,52.0,BuildingB_Floor1,TypeC
1098,2025-04-10 05:18:55,21.2,56.8,BuildingB_Floor1,TypeC
1045,2025-04-11 02:33:04,22.7,79.5,BuildingA_Floor2,TypeB
1007,2025-04-09 09:11:22,28.6,59.6,BuildingB_Floor1,TypeA
1024,2025-04-09 23:57:29,16.3,63.7,BuildingB_Floor2,TypeA
1100,2025-04-09 07:02:32,34.7,70.9,BuildingB_Floor2,TypeA
1025,2025-04-11 22:22:28,23.3,66.9,BuildingA_Floor1,TypeC
1059,2025-04-10 07:49:28,20.5,62.2,BuildingA_Floor2,TypeB
1009,2025-04-09 13:25:32,21.9,59.7,BuildingB_Floor2,TypeA
1037,2025-04-10 13:53:38,24.9,74.1,BuildingA_Floor1,TypeC
1008,2025-04-11 04:24:35,20.0,74.9,BuildingA_Floor2,TypeC
1013,2025-04-11 21:15:53,28.9,54.0,BuildingB_Floor2,TypeA
1100,2025-04-11 12:46:17,15.7,56.5,BuildingA_Floor2,TypeA
1001,2025-04-09 17:29:47,30.7,78.8,BuildingB_Floor1,TypeC
1053,2025-04-11 00:35:00,34.7,51.3,BuildingB_Floor2,TypeA
1058,2025-04-11 07:38:35,16.7,77.1,BuildingB_Floor1,TypeA
1049,2025-04-11 20:01:50,17.5,77.4,BuildingA_Floor1,TypeA
1027,2025-04-11 10:40:08,21.2,66.6,BuildingA_Floor2,TypeA
1087,2025-04-11 01:00:47,20.1,77.4,BuildingB_Floor2,TypeB
1072,2025-04-09 22:37:16,31.9,75.9,BuildingA_Floor2,TypeA
1059,2025-04-11 12:03:29,28.5,53.0,BuildingB_Floor1,TypeA
1057,2025-04-09 14:59:48,24.2,51.6,BuildingA_Floor1,TypeB
1098,2025-04-09 01:10:08,22.8,53.4,BuildingA_Floor1,TypeA
1016,2025-04-09 21:25:13,25.8,65.8,BuildingB_Floor1,TypeC
1038,2025-04-10 11:00:11,23.2,58.1,BuildingB_Floor1,TypeB
1088,2025-04-10 01:32:30,28.5,56.1,BuildingB_Floor2,TypeA
1057,2025-04-09 18:39:14,22.1,73.3,BuildingA_Floor2,TypeB
1083,2025-04-10 05:33:23,21.9,73.2,BuildingA_Floor1,TypeB
1049,2025-04-10 00:55:52,28.8,71.8,BuildingA_Floor1,TypeB
1076,2025-04-11 15:27:12,22.9,78.5,BuildingA_Floor2,TypeB
1074,2025-04-09 01:03:59,19.7,51.8,BuildingB_Floor2,TypeA
1012,2025-04-10 18:00:15,31.0,61.5,BuildingA_Floor1,TypeC
1030,2025-04-09 00:48:23,17.3,52.9,BuildingB_Floor2,TypeB
1024,2025-04-10 00:02:49,23.6,76.9,BuildingB_Floor2,TypeB
1022,2025-04-10 01:13:36,21.3,55.3,BuildingB_Floor1,TypeA
1035,2025-04-10 21:52:43,31.8,73.0,BuildingB_Floor2,TypeB
1044,2025-04-09 06:20:36,31.9,76.9,BuildingA_Floor1,TypeB
1081,2025-04-11 18:36:43,18.5,51.5,BuildingB_Floor2,TypeC
1029,2025-04-11 07:18:28,27.3,54.2,BuildingA_Floor1,TypeB
1098,2025-04-10 07:38:45,26.6,63.9,BuildingA_Floor1,TypeC
1019,2025-04-09 03:32:04,29.8,74.3,BuildingA_Floor1,TypeA
1059,2025-04-09 13:05:41,19.5,73.5,BuildingA_Floor2,TypeA
1097,2025-04-10 19:55:01,28.8,56.6,BuildingA_Floor1,TypeA
1027,2025-04-11 21:51:33,33.2,79.9,BuildingB_Floor2,TypeB
1004,2025-04-11 00:56:36,16.6,74.8,BuildingA_Floor2,TypeB
1066,2025-04-08 23:47:01,29.1,61.6,BuildingA_Floor1,TypeB
1013,2025-04-09 01:00:09,19.8,52.6,BuildingA_Floor2,TypeA
1022,2025-04-10 10:16:57,24.7,69.9,BuildingB_Floor2,TypeB
1064,2025-04-09 09:45:46,33.5,62.4,BuildingB_Floor2,TypeA
1092,2025-04-11 11:23:00,31.0,61.8,BuildingA_Floor2,TypeA
1037,2025-04-10 21:18:25,34.8,75.1,BuildingA_Floor1,TypeA
1025,2025-04-09 03:08:16,23.7,71.7,BuildingB_Floor1,TypeB
1025,2025-04-11 15:06:17,16.6,68.5,BuildingA_Floor2,TypeB
1077,2025-04-09 13:29:38,21.1,75.0,BuildingB_Floor1,TypeA
1012,2025-04-10 18:22:14,29.9,70.5,BuildingA_Floor1,TypeC
1028,2025-04-10 01:17:58,33.1,74.2,BuildingA_Floor1,TypeA
1080,2025-04-11 04:11:13,28.0,70.5,BuildingA_Floor1,TypeC
1022,2025-04-08 23:56:03,23.4,79.9,BuildingA_Floor2,TypeA
1068,2025-04-09 01:28:05,29.2,60.1,BuildingB_Floor1,TypeC
1092,2025-04-10 20:34:43,34.6,68.6,BuildingB_Floor1,TypeC
1088,2025-04-09 15:36:34,19.5,72.8,BuildingA_Floor1,TypeC
1025,2025-04-10 09:24:37,24.6,69.3,BuildingA_Floor1,TypeA
1056,2025-04-11 22:40:27,29.5,62.2,BuildingB_Floor2,TypeC
1091,2025-04-09 02:08:53,26.0,70.2,BuildingA_Floor2,TypeB
1088,2025-04-10 10:46:59,23.8,76.0,BuildingA_Floor2,TypeC
1020,2025-04-09 00:27:48,32.2,63.9,BuildingA_Floor1,TypeC
1058,2025-04-09 19:08:43,24.3,68.9,BuildingA_Floor2,TypeB
1006,2025-04-09 20:48:15,18.0,70.3,BuildingB_Floor2,TypeC
1007,2025-04-09 11:53:16,32.9,61.6,BuildingA_Floor1,TypeB
1074,2025-04-09 17:18:18,29.8,66.1,BuildingA_Floor1,TypeA
1011,2025-04-10 12:10:45,34.5,60.5,BuildingB_Floor1,TypeC
1041,2025-04-11 05:07:42,16.3,58.3,BuildingA_Floor2,TypeA
1076,2025-04-11 19:53:05,33.0,54.5,BuildingA_Floor2,TypeC
1028,2025-04-09 03:59:40,20.3,62.6,BuildingA_Floor1,TypeB
1023,2025-04-09 04:31:52,30.6,61.4,BuildingA_Floor2,TypeA
1038,2025-04-09 21:49:01,31.8,70.9,BuildingA_Floor2,TypeA
1019,2025-04-08 23:21:39,20.8,73.1,BuildingB_Floor2,TypeB
1075,2025-04-10 18:30:34,21.8,73.0,BuildingB_Floor1,TypeB
1044,2025-04-11 12:17:58,28.7,58.5,BuildingA_Floor2,TypeB
1061,2025-04-11 19:48:40,34.2,51.7,BuildingB_Floor1,TypeC
1002,2025-04-09 02:22:00,28.8,67.0,BuildingB_Floor2,TypeC
1064,2025-04-11 22:23:46,17.3,65.2,BuildingA_Floor2,TypeA
1036,2025-04-09 08:34:06,33.3,73.5,BuildingB_Floor1,TypeB
1030,2025-04-09 19:06:53,29.1,63.2,BuildingA_Floor2,TypeA
1049,2025-04-09 01:08:37,25.9,56.2,BuildingB_Floor2,TypeC
1023,2025-04-10 13:52:34,24.4,63.5,BuildingA_Floor2,TypeB
1016,2025-04-11 18:02:01,27.3,54.0,BuildingB_Floor1,TypeB
1056,2025-04-09 00:16:28,26.5,67.3,BuildingA_Floor2,TypeA
1009,2025-04-11 21:37:15,28.2,53.7,BuildingA_Floor1,TypeA
1050,2025-04-11 21:55:56,21.2,75.6,BuildingA_Floor2,TypeB
1001,2025-04-08 23:32:49,28.4,61.7,BuildingA_Floor2,TypeB
1089,2025-04-11 21:46:04,22.6,57.3,BuildingA_Floor1,TypeA
1047,2025-04-11 13:16:48,21.0,51.3,BuildingB_Floor1,TypeC
1043,2025-04-09 17:52:45,15.5,55.4,BuildingB_Floor1,TypeC
1074,2025-04-09 12:56:26,19.2,69.5,BuildingA_Floor1,TypeC
1032,2025-04-11 18:50:03,21.6,58.8,BuildingA_Floor1,TypeC
1008,2025-04-09 18:37:42,21.2,72.3,BuildingA_Floor1,TypeC
1018,2025-04-10 03:30:39,25.3,72.1,BuildingA_Floor1,TypeA
1049,2025-04-11 13:22:48,20.9,60.5,BuildingB_Floor1,TypeC
1085,2025-04-09 17:18:39,18.2,60.6,BuildingA_Floor1,TypeB
1011,2025-04-11 15:26:22,17.9,57.8,BuildingA_Floor1,TypeA
1063,2025-04-11 12:13:47,15.6,79.8,BuildingA_Floor2,TypeC
1043,2025-04-11 13:50:24,19.2,71.5,BuildingB_Floor1,TypeA
1018,2025-04-09 06:24:34,24.2,57.9,BuildingB_Floor2,TypeB
1070,2025-04-10 07:51:51,34.9,57.8,BuildingA_Floor1,TypeB
1051,2025-04-11 19:04:24,15.1,75.8,BuildingA_Floor2,TypeC
1006,2025-04-09 15:11:48,26.1,79.6,BuildingA_Floor2,TypeB
1055,2025-04-10 01:03:10,24.6,75.5,BuildingA_Floor2,TypeA
1001,2025-04-11 15:47:08,28.6,73.1,BuildingB_Floor2,TypeB
1019,2025-04-11 11:22:43,32.4,58.1,BuildingB_Floor1,TypeA
1042,2025-04-10 10:31:31,18.6,70.3,BuildingA_Floor2,TypeA
1014,2025-04-10 08:29:46,22.3,74.6,BuildingA_Floor2,TypeA
1012,2025-04-09 08:47:59,33.3,64.7,BuildingA_Floor2,TypeC
1028,2025-04-09 13:51:46,21.3,64.3,BuildingA_Floor1,TypeB
1089,2025-04-10 13:27:46,34.6,72.3,BuildingB_Floor1,TypeA
1028,2025-04-09 15:38:34,22.7,75.3,BuildingB_Floor2,TypeA
1048,2025-04-09 22:45:26,33.0,64.2,BuildingA_Floor1,TypeC
1016,2025-04-09 10:38:05,22.4,62.3,BuildingA_Floor2,TypeB
1054,2025-04-11 05:50:13,21.2,67.8,BuildingB_Floor1,TypeB
1089,2025-04-09 17:20:23,31.4,51.3,BuildingB_Floor2,TypeA
1053,2025-04-10 03:23:24,17.4,59.3,BuildingA_Floor1,TypeB
1047,2025-04-09 23:39:06,15.9,79.6,BuildingB_Floor2,TypeB
1015,2025-04-09 11:00:30,17.0,62.4,BuildingB_Floor1,TypeA
1049,2025-04-10 10:57:22,18.9,71.1,BuildingB_Floor1,TypeA
1019,2025-04-11 06:02:34,19.1,63.3,BuildingB_Floor1,TypeB
1079,2025-04-11 03:10:27,29.4,73.9,BuildingA_Floor1,TypeC
1006,2025-04-10 02:01:32,28.5,75.7,BuildingA_Floor1,TypeB
1100,2025-04-11 10:10:44,32.0,54.7,BuildingB_Floor2,TypeC
1091,2025-04-10 03:18:24,26.2,66.6,BuildingA_Floor1,TypeB
