sensor_id,timestamp,temperature,humidity,location,sensor_type
1001,2025-04-11T11:12:06.000Z,28.7,57.3,BuildingA_Floor1,TypeC
1064,2025-04-10T09:51:48.000Z,34.5,74.6,BuildingA_Floor1,TypeB
1096,2025-04-09T17:21:51.000Z,21.8,57.7,BuildingB_Floor1,TypeA
1032,2025-04-11T06:44:18.000Z,24.3,53.4,BuildingA_Floor1,TypeB
1055,2025-04-11T10:30:28.000Z,15.0,65.3,BuildingA_Floor1,TypeA
1005,2025-04-09T23:01:04.000Z,17.4,56.0,BuildingB_Floor2,TypeC
1087,2025-04-10T03:44:34.000Z,32.9,62.9,BuildingA_Floor1,TypeC
1021,2025-04-11T11:45:07.000Z,29.8,76.9,BuildingB_Floor2,TypeC
1083,2025-04-11T04:05:56.000Z,32.5,76.4,BuildingB_Floor2,TypeC
1056,2025-04-10T01:24:14.000Z,23.8,50.1,BuildingB_Floor1,TypeB
1066,2025-04-09T07:27:36.000Z,30.5,71.6,BuildingB_Floor2,TypeA
1034,2025-04-09T21:26:43.000Z,34.1,72.6,BuildingA_Floor1,TypeB
1091,2025-04-10T11:58:22.000Z,21.0,59.0,BuildingB_Floor2,TypeB
1000,2025-04-10T19:20:34.000Z,30.4,56.0,BuildingB_Floor1,TypeA
1066,2025-04-11T07:59:46.000Z,19.9,65.7,BuildingB_Floor1,TypeA
1100,2025-04-11T10:50:27.000Z,22.7,67.9,BuildingB_Floor1,TypeB
1023,2025-04-09T21:47:57.000Z,19.6,70.4,BuildingA_Floor1,TypeC
1053,2025-04-10T18:08:43.000Z,28.9,74.5,BuildingB_Floor1,TypeC
1058,2025-04-11T09:09:24.000Z,33.3,74.2,BuildingB_Floor2,TypeC
1027,2025-04-11T22:13:27.000Z,29.8,60.7,BuildingA_Floor1,TypeB
1035,2025-04-11T08:04:41.000Z,34.0,78.0,BuildingA_Floor1,TypeA
1087,2025-04-10T00:10:32.000Z,23.1,53.9,BuildingB_Floor2,TypeA
1031,2025-04-09T23:10:21.000Z,33.6,71.0,BuildingA_Floor1,TypeC
1073,2025-04-09T09:15:46.000Z,34.3,50.4,BuildingB_Floor2,TypeC
1051,2025-04-10T05:44:25.000Z,24.9,51.2,BuildingA_Floor1,TypeC
1090,2025-04-10T18:52:10.000Z,32.6,62.8,BuildingB_Floor1,TypeA
1087,2025-04-09T14:18:42.000Z,18.4,77.4,BuildingB_Floor2,TypeB
1053,2025-04-10T00:37:25.000Z,29.9,54.0,BuildingB_Floor2,TypeB
1071,2025-04-10T10:48:11.000Z,15.7,56.7,BuildingA_Floor2,TypeB
1000,2025-04-09T21:33:20.000Z,17.2,58.3,BuildingB_Floor2,TypeA
1043,2025-04-09T10:28:20.000Z,18.0,55.2,BuildingA_Floor1,TypeB
1024,2025-04-11T17:04:29.000Z,23.5,75.1,BuildingB_Floor1,TypeC
1000,2025-04-09T12:27:25.000Z,27.3,53.3,BuildingA_Floor1,TypeC
1029,2025-04-09T00:10:58.000Z,30.0,73.6,BuildingA_Floor1,TypeB
1024,2025-04-10T12:49:12.000Z,33.7,52.6,BuildingB_Floor1,TypeC
1075,2025-04-09T10:32:56.000Z,33.2,55.4,BuildingA_Floor2,TypeA
1077,2025-04-09T23:16:24.000Z,28.8,69.5,BuildingA_Floor1,TypeA
1044,2025-04-10T20:53:00.000Z,19.6,58.9,BuildingB_Floor2,TypeB
1098,2025-04-11T07:16:33.000Z,32.8,61.9,BuildingB_Floor1,TypeC
1000,2025-04-11T19:32:35.000Z,21.2,61.2,BuildingA_Floor1,TypeB
1055,2025-04-11T17:25:58.000Z,30.5,68.1,BuildingB_Floor2,TypeC
1089,2025-04-10T11:16:37.000Z,21.0,56.3,BuildingB_Floor1,TypeC
1072,2025-04-11T13:58:21.000Z,23.5,68.2,BuildingA_Floor2,TypeA
1025,2025-04-11T07:13:20.000Z,27.3,50.6,BuildingA_Floor2,TypeC
1064,2025-04-10T23:01:25.000Z,24.0,58.8,BuildingB_Floor2,TypeA
1052,2025-04-10T11:45:04.000Z,33.8,71.6,BuildingB_Floor2,TypeA
1008,2025-04-11T16:15:15.000Z,27.9,61.7,BuildingB_Floor1,TypeA
1097,2025-04-10T13:24:59.000Z,29.1,67.1,BuildingB_Floor1,TypeB
1078,2025-04-10T13:21:42.000Z,20.4,65.5,BuildingA_Floor1,TypeC
1098,2025-04-10T15:10:27.000Z,18.0,50.1,BuildingB_Floor2,TypeC
1045,2025-04-10T08:58:11.000Z,31.8,51.0,BuildingB_Floor2,TypeC
1019,2025-04-11T13:28:30.000Z,24.4,74.0,BuildingB_Floor2,TypeA
1091,2025-04-11T15:51:09.000Z,18.4,73.5,BuildingB_Floor2,TypeB
1054,2025-04-11T13:00:58.000Z,24.0,56.2,BuildingB_Floor2,TypeC
1007,2025-04-10T04:50:51.000Z,25.2,75.1,BuildingB_Floor1,TypeB
1033,2025-04-11T16:28:49.000Z,18.4,78.4,BuildingA_Floor2,TypeA
1044,2025-04-10T06:04:17.000Z,22.3,51.5,BuildingA_Floor2,TypeC
1068,2025-04-10T00:46:16.000Z,25.6,58.6,BuildingB_Floor2,TypeC
1063,2025-04-09T01:38:19.000Z,18.3,72.0,BuildingB_Floor1,TypeC
1050,2025-04-10T10:38:58.000Z,28.0,58.5,BuildingB_Floor2,TypeB
1052,2025-04-10T00:47:55.000Z,24.8,62.0,BuildingB_Floor1,TypeC
1075,2025-04-10T16:38:28.000Z,33.4,71.5,BuildingA_Floor1,TypeC
1011,2025-04-09T09:26:54.000Z,29.5,58.3,BuildingA_Floor2,TypeA
1006,2025-04-11T01:37:02.000Z,21.9,57.8,BuildingB_Floor2,TypeA
1006,2025-04-11T16:32:24.000Z,15.2,70.1,BuildingA_Floor1,TypeC
1081,2025-04-10T02:57:45.000Z,31.4,64.4,BuildingA_Floor1,TypeC
1056,2025-04-11T11:11:26.000Z,33.2,78.0,BuildingB_Floor2,TypeA
1089,2025-04-10T04:09:18.000Z,19.8,56.1,BuildingA_Floor2,TypeA
1090,2025-04-11T01:47:37.000Z,34.0,79.9,BuildingA_Floor1,TypeC
1071,2025-04-10T20:38:33.000Z,31.4,58.1,BuildingA_Floor1,TypeB
1067,2025-04-11T14:39:02.000Z,19.3,70.7,BuildingA_Floor2,TypeB
1027,2025-04-10T12:29:58.000Z,15.5,64.1,BuildingB_Floor2,TypeC
1100,2025-04-09T12:31:37.000Z,15.1,67.6,BuildingB_Floor1,TypeC
1083,2025-04-10T04:59:11.000Z,15.7,75.0,BuildingA_Floor2,TypeC
1093,2025-04-11T22:03:54.000Z,24.1,57.8,BuildingA_Floor1,TypeA
1055,2025-04-09T21:48:53.000Z,21.0,58.4,BuildingB_Floor1,TypeC
1029,2025-04-09T04:20:20.000Z,15.6,74.2,BuildingB_Floor1,TypeC
1006,2025-04-11T06:54:26.000Z,25.3,69.2,BuildingB_Floor2,TypeC
1050,2025-04-09T03:58:37.000Z,24.2,71.9,BuildingA_Floor1,TypeA
1095,2025-04-11T18:21:01.000Z,29.6,62.4,BuildingA_Floor1,TypeA
1051,2025-04-11T19:16:14.000Z,16.0,75.7,BuildingB_Floor2,TypeA
1034,2025-04-09T18:08:25.000Z,19.8,63.6,BuildingB_Floor2,TypeC
1028,2025-04-08T23:16:34.000Z,22.3,60.5,BuildingB_Floor2,TypeA
1098,2025-04-09T19:04:19.000Z,34.1,79.2,BuildingB_Floor1,TypeC
1078,2025-04-09T18:10:13.000Z,19.1,64.8,BuildingB_Floor2,TypeA
1021,2025-04-09T12:59:09.000Z,26.2,75.9,BuildingA_Floor1,TypeA
1026,2025-04-10T05:14:15.000Z,22.1,50.2,BuildingB_Floor1,TypeC
1085,2025-04-09T00:33:20.000Z,27.8,50.5,BuildingA_Floor2,TypeA
1080,2025-04-09T17:12:20.000Z,32.1,71.5,BuildingA_Floor2,TypeB
1073,2025-04-10T03:20:49.000Z,22.8,64.9,BuildingB_Floor1,TypeA
1013,2025-04-10T20:53:07.000Z,16.1,51.9,BuildingB_Floor1,TypeA
1005,2025-04-10T10:35:16.000Z,33.8,76.5,BuildingB_Floor2,TypeB
1010,2025-04-10T09:53:09.000Z,16.3,60.5,BuildingB_Floor2,TypeA
1000,2025-04-09T09:16:19.000Z,24.0,69.0,BuildingB_Floor1,TypeB
1021,2025-04-08T23:39:27.000Z,28.3,53.5,BuildingA_Floor2,TypeC
1097,2025-04-11T18:06:00.000Z,20.8,63.2,BuildingA_Floor2,TypeB
1069,2025-04-10T04:27:37.000Z,19.1,79.7,BuildingA_Floor2,TypeA
1009,2025-04-09T11:46:01.000Z,19.1,67.2,BuildingB_Floor2,TypeC
1014,2025-04-11T16:34:57.000Z,17.0,70.2,BuildingA_Floor2,TypeB
1030,2025-04-11T07:32:58.000Z,30.5,60.3,BuildingB_Floor1,TypeC
1026,2025-04-10T14:43:53.000Z,27.8,71.0,BuildingB_Floor1,TypeA
1097,2025-04-09T19:41:36.000Z,30.6,66.8,BuildingB_Floor2,TypeB
1044,2025-04-10T06:25:43.000Z,21.7,69.4,BuildingB_Floor2,TypeB
1096,2025-04-10T08:59:11.000Z,26.2,60.0,BuildingA_Floor2,TypeA
1016,2025-04-09T16:54:12.000Z,34.9,59.7,BuildingB_Floor1,TypeC
1038,2025-04-10T18:08:57.000Z,17.3,60.6,BuildingA_Floor2,TypeB
1042,2025-04-11T04:43:11.000Z,30.3,78.8,BuildingB_Floor2,TypeB
1066,2025-04-11T14:02:01.000Z,22.9,52.2,BuildingA_Floor2,TypeC
1034,2025-04-11T21:26:22.000Z,23.2,73.6,BuildingA_Floor1,TypeC
1021,2025-04-11T16:09:04.000Z,25.5,59.2,BuildingB_Floor1,TypeC
1048,2025-04-10T01:53:05.000Z,16.1,54.7,BuildingB_Floor2,TypeC
1095,2025-04-09T22:16:06.000Z,25.0,76.9,BuildingA_Floor1,TypeB
1007,2025-04-09T07:23:44.000Z,24.3,58.1,BuildingA_Floor1,TypeC
1007,2025-04-09T08:19:34.000Z,25.7,79.2,BuildingA_Floor2,TypeC
1036,2025-04-11T17:28:31.000Z,17.9,67.6,BuildingA_Floor1,TypeB
1032,2025-04-11T14:33:54.000Z,18.5,69.9,BuildingB_Floor1,TypeA
1092,2025-04-11T05:19:32.000Z,20.0,53.0,BuildingA_Floor1,TypeB
1038,2025-04-11T06:04:17.000Z,23.4,64.1,BuildingA_Floor2,TypeC
1084,2025-04-11T10:36:35.000Z,30.2,53.9,BuildingA_Floor2,TypeC
1058,2025-04-09T15:26:29.000Z,26.7,75.8,BuildingB_Floor2,TypeC
1049,2025-04-10T04:36:20.000Z,17.0,54.8,BuildingA_Floor2,TypeB
1063,2025-04-11T03:08:53.000Z,31.5,61.5,BuildingA_Floor2,TypeB
1054,2025-04-09T00:43:21.000Z,18.7,74.2,BuildingB_Floor1,TypeC
1014,2025-04-10T01:49:44.000Z,33.7,71.8,BuildingA_Floor1,TypeC
1007,2025-04-10T08:40:29.000Z,18.4,67.1,BuildingB_Floor2,TypeB
1082,2025-04-09T07:07:43.000Z,15.8,57.6,BuildingB_Floor2,TypeA
1100,2025-04-11T02:30:57.000Z,28.4,72.6,BuildingA_Floor1,TypeA
1014,2025-04-11T17:57:39.000Z,31.2,69.2,BuildingB_Floor2,TypeB
1070,2025-04-09T22:44:47.000Z,24.6,57.2,BuildingB_Floor1,TypeC
1025,2025-04-11T18:54:18.000Z,24.2,54.8,BuildingB_Floor1,TypeB
1078,2025-04-10T20:36:25.000Z,34.4,69.1,BuildingA_Floor2,TypeC
1095,2025-04-09T17:42:41.000Z,24.1,70.1,BuildingB_Floor1,TypeC
1021,2025-04-09T18:47:40.000Z,32.9,65.6,BuildingA_Floor2,TypeC
1012,2025-04-11T18:08:34.000Z,22.3,57.9,BuildingA_Floor1,TypeC
1017,2025-04-10T10:45:44.000Z,17.8,53.4,BuildingB_Floor2,TypeB
1079,2025-04-09T22:27:30.000Z,18.7,78.0,BuildingB_Floor2,TypeC
1009,2025-04-11T05:53:04.000Z,16.0,73.8,BuildingA_Floor2,TypeC
1019,2025-04-10T17:32:24.000Z,28.9,60.7,BuildingB_Floor1,TypeC
1075,2025-04-10T23:13:48.000Z,15.9,71.2,BuildingB_Floor1,TypeA
1037,2025-04-11T08:43:43.000Z,16.4,65.1,BuildingB_Floor1,TypeA
1030,2025-04-11T07:25:13.000Z,21.0,67.4,BuildingA_Floor1,TypeA
1002,2025-04-09T07:59:40.000Z,20.7,72.3,BuildingA_Floor1,TypeB
1014,2025-04-11T13:16:20.000Z,29.2,50.3,BuildingB_Floor2,TypeB
1032,2025-04-08T23:34:59.000Z,21.7,79.4,BuildingA_Floor1,TypeC
1063,2025-04-11T17:40:24.000Z,24.7,68.6,BuildingA_Floor2,TypeC
1050,2025-04-09T18:20:13.000Z,32.5,64.9,BuildingA_Floor1,TypeB
1072,2025-04-09T03:48:27.000Z,32.3,52.2,BuildingA_Floor2,TypeC
1041,2025-04-10T21:51:43.000Z,31.8,52.4,BuildingA_Floor1,TypeB
1008,2025-04-09T11:50:58.000Z,24.2,56.1,BuildingA_Floor1,TypeC
1001,2025-04-11T12:12:13.000Z,19.4,64.9,BuildingA_Floor2,TypeB
1093,2025-04-09T18:30:49.000Z,30.7,69.1,BuildingB_Floor2,TypeC
1032,2025-04-09T11:32:36.000Z,27.1,72.1,BuildingA_Floor2,TypeA
1040,2025-04-09T21:07:47.000Z,24.5,62.7,BuildingB_Floor1,TypeC
1002,2025-04-10T09:26:30.000Z,17.3,59.6,BuildingB_Floor1,TypeB
1041,2025-04-10T12:50:18.000Z,17.7,67.4,BuildingB_Floor1,TypeB
1096,2025-04-09T20:44:16.000Z,29.7,70.4,BuildingA_Floor1,TypeC
1030,2025-04-08T23:36:52.000Z,30.7,71.1,BuildingA_Floor1,TypeA
1015,2025-04-11T16:23:52.000Z,20.7,73.0,BuildingB_Floor1,TypeB
1030,2025-04-10T12:38:34.000Z,18.9,50.3,BuildingA_Floor1,TypeB
1075,2025-04-11T08:25:03.000Z,33.5,72.0,BuildingB_Floor1,TypeA
1063,2025-04-09T06:04:16.000Z,18.6,67.4,BuildingA_Floor1,TypeA
1002,2025-04-11T07:37:48.000Z,21.4,60.5,BuildingA_Floor2,TypeC
1014,2025-04-09T19:45:00.000Z,33.6,74.4,BuildingA_Floor1,TypeB
1061,2025-04-11T13:12:43.000Z,24.4,73.5,BuildingA_Floor2,TypeC
1065,2025-04-09T08:41:51.000Z,24.7,79.8,BuildingB_Floor2,TypeB
1077,2025-04-11T04:02:21.000Z,25.6,70.3,BuildingB_Floor2,TypeA
1083,2025-04-10T21:36:03.000Z,21.8,53.9,BuildingA_Floor1,TypeA
1074,2025-04-09T01:51:04.000Z,18.1,57.5,BuildingB_Floor1,TypeB
1073,2025-04-11T08:58:13.000Z,16.7,57.1,BuildingA_Floor1,TypeA
1058,2025-04-10T17:56:14.000Z,18.2,69.3,BuildingA_Floor1,TypeC
1006,2025-04-10T06:42:11.000Z,25.0,71.6,BuildingB_Floor1,TypeC
1013,2025-04-10T22:50:20.000Z,23.2,62.8,BuildingB_Floor2,TypeA
1078,2025-04-10T15:52:45.000Z,27.7,72.4,BuildingA_Floor2,TypeA
1036,2025-04-09T14:47:50.000Z,24.0,78.8,BuildingB_Floor1,TypeB
1100,2025-04-09T20:22:20.000Z,32.3,64.8,BuildingA_Floor2,TypeA
1016,2025-04-11T20:53:31.000Z,16.9,51.5,BuildingA_Floor2,TypeA
1021,2025-04-11T06:30:22.000Z,22.0,65.4,BuildingA_Floor1,TypeC
1012,2025-04-09T22:35:25.000Z,28.3,75.6,BuildingA_Floor1,TypeB
1052,2025-04-11T08:14:32.000Z,24.2,69.7,BuildingB_Floor2,TypeC
1067,2025-04-11T03:52:39.000Z,30.4,79.3,BuildingB_Floor1,TypeA
1025,2025-04-09T20:50:52.000Z,23.5,65.7,BuildingB_Floor1,TypeC
1079,2025-04-10T05:11:50.000Z,31.3,59.9,BuildingB_Floor2,TypeB
1094,2025-04-11T03:08:45.000Z,24.8,53.3,BuildingB_Floor1,TypeB
1061,2025-04-11T04:44:22.000Z,22.7,78.6,BuildingA_Floor2,TypeA
1004,2025-04-11T21:21:10.000Z,17.8,73.5,BuildingA_Floor2,TypeA
1022,2025-04-11T13:50:20.000Z,24.7,50.0,BuildingB_Floor1,TypeB
1060,2025-04-11T13:18:26.000Z,32.6,61.1,BuildingB_Floor2,TypeA
1034,2025-04-11T21:25:48.000Z,32.3,60.7,BuildingB_Floor2,TypeC
1008,2025-04-09T17:22:52.000Z,26.8,74.5,BuildingA_Floor2,TypeA
1011,2025-04-09T18:26:27.000Z,22.4,76.9,BuildingA_Floor2,TypeA
1100,2025-04-09T23:53:52.000Z,21.4,50.9,BuildingA_Floor2,TypeA
1009,2025-04-11T21:22:55.000Z,32.4,68.5,BuildingB_Floor1,TypeB
1021,2025-04-10T02:46:30.000Z,17.5,69.5,BuildingB_Floor1,TypeA
1032,2025-04-11T10:09:32.000Z,16.8,51.6,BuildingA_Floor2,TypeB
1092,2025-04-11T17:16:31.000Z,31.6,58.4,BuildingB_Floor1,TypeB
1054,2025-04-11T12:07:56.000Z,17.1,63.9,BuildingB_Floor1,TypeA
1008,2025-04-09T05:22:11.000Z,29.5,55.4,BuildingB_Floor2,TypeC
1006,2025-04-10T12:21:25.000Z,24.1,75.9,BuildingA_Floor2,TypeB
1006,2025-04-10T02:52:17.000Z,28.7,76.2,BuildingB_Floor2,TypeA
1047,2025-04-10T19:56:50.000Z,34.2,80.0,BuildingB_Floor2,TypeA
1089,2025-04-09T02:19:51.000Z,20.5,68.8,BuildingB_Floor2,TypeB
1065,2025-04-11T01:58:22.000Z,26.2,58.6,BuildingB_Floor2,TypeA
1083,2025-04-10T23:46:26.000Z,23.7,53.2,BuildingB_Floor1,TypeC
1052,2025-04-09T06:07:10.000Z,30.0,54.3,BuildingA_Floor2,TypeA
1000,2025-04-09T16:50:26.000Z,18.9,60.6,BuildingB_Floor1,TypeA
1038,2025-04-09T22:32:53.000Z,21.0,55.0,BuildingB_Floor1,TypeA
1007,2025-04-11T01:33:35.000Z,16.5,65.5,BuildingB_Floor2,TypeC
1046,2025-04-10T00:56:43.000Z,34.8,70.1,BuildingA_Floor1,TypeC
1032,2025-04-09T06:51:03.000Z,29.0,76.1,BuildingA_Floor2,TypeB
1068,2025-04-10T14:03:53.000Z,27.2,56.7,BuildingB_Floor1,TypeC
1074,2025-04-10T18:54:15.000Z,17.6,59.9,BuildingA_Floor2,TypeA
1079,2025-04-09T10:41:32.000Z,19.3,75.6,BuildingB_Floor2,TypeA
1064,2025-04-09T16:38:57.000Z,32.4,68.1,BuildingB_Floor1,TypeA
1029,2025-04-11T05:19:56.000Z,28.6,65.6,BuildingB_Floor1,TypeA
1074,2025-04-11T21:35:17.000Z,31.6,65.5,BuildingB_Floor1,TypeB
1088,2025-04-10T06:01:31.000Z,15.6,58.0,BuildingA_Floor1,TypeC
1042,2025-04-09T05:15:51.000Z,16.2,72.8,BuildingA_Floor2,TypeA
1081,2025-04-10T23:16:11.000Z,28.7,74.8,BuildingB_Floor1,TypeB
1060,2025-04-11T09:48:41.000Z,34.8,79.6,BuildingB_Floor2,TypeA
1086,2025-04-09T08:30:43.000Z,23.2,77.3,BuildingB_Floor1,TypeC
1070,2025-04-10T01:02:34.000Z,32.0,50.9,BuildingB_Floor1,TypeC
1030,2025-04-10T01:58:17.000Z,16.5,50.2,BuildingB_Floor2,TypeB
1022,2025-04-11T09:44:29.000Z,30.2,75.6,BuildingB_Floor2,TypeA
1096,2025-04-10T14:48:02.000Z,18.4,52.3,BuildingA_Floor2,TypeA
1026,2025-04-11T10:31:13.000Z,17.7,76.2,BuildingB_Floor1,TypeA
1095,2025-04-11T16:40:01.000Z,17.4,75.3,BuildingB_Floor2,TypeC
1048,2025-04-10T03:02:28.000Z,30.2,77.6,BuildingA_Floor1,TypeB
1016,2025-04-09T11:56:49.000Z,33.4,68.1,BuildingA_Floor1,TypeC
1049,2025-04-09T00:44:12.000Z,15.6,74.7,BuildingA_Floor1,TypeC
1015,2025-04-09T11:25:28.000Z,32.7,67.2,BuildingB_Floor1,TypeB
1048,2025-04-09T19:33:55.000Z,33.2,77.9,BuildingA_Floor2,TypeA
1013,2025-04-09T01:56:44.000Z,23.3,58.2,BuildingA_Floor1,TypeB
1009,2025-04-09T15:27:45.000Z,31.4,56.0,BuildingA_Floor1,TypeB
1000,2025-04-09T00:43:14.000Z,31.8,69.8,BuildingA_Floor2,TypeB
1015,2025-04-10T13:56:10.000Z,33.3,54.8,BuildingB_Floor1,TypeC
1057,2025-04-11T16:02:20.000Z,32.5,59.3,BuildingA_Floor1,TypeB
1012,2025-04-10T14:59:14.000Z,16.7,64.2,BuildingB_Floor2,TypeB
1011,2025-04-10T19:21:11.000Z,21.6,76.9,BuildingA_Floor2,TypeB
1000,2025-04-10T20:02:58.000Z,20.8,53.2,BuildingB_Floor1,TypeA
1057,2025-04-11T08:11:55.000Z,25.0,78.6,BuildingA_Floor1,TypeC
1003,2025-04-11T14:33:07.000Z,22.1,71.0,BuildingA_Floor2,TypeC
1079,2025-04-10T21:41:30.000Z,32.5,57.2,BuildingA_Floor1,TypeA
1003,2025-04-09T00:00:39.000Z,26.5,63.6,BuildingA_Floor1,TypeA
1021,2025-04-10T19:41:02.000Z,23.7,59.0,BuildingB_Floor1,TypeC
1081,2025-04-09T06:21:46.000Z,22.4,56.8,BuildingA_Floor1,TypeA
1051,2025-04-09T01:45:44.000Z,21.6,52.9,BuildingB_Floor2,TypeC
1048,2025-04-11T07:42:15.000Z,27.9,77.5,BuildingB_Floor1,TypeA
1056,2025-04-11T01:25:05.000Z,32.9,57.2,BuildingA_Floor1,TypeB
1043,2025-04-10T01:49:49.000Z,27.5,51.3,BuildingB_Floor2,TypeB
1073,2025-04-10T18:22:37.000Z,18.4,57.8,BuildingA_Floor2,TypeA
1013,2025-04-10T21:08:32.000Z,26.7,58.9,BuildingB_Floor1,TypeA
1058,2025-04-10T03:06:46.000Z,34.7,76.3,BuildingB_Floor1,TypeA
1008,2025-04-11T05:38:47.000Z,26.7,59.1,BuildingB_Floor1,TypeB
1019,2025-04-09T23:49:30.000Z,27.6,68.0,BuildingB_Floor2,TypeB
1050,2025-04-10T17:55:32.000Z,33.9,62.3,BuildingA_Floor2,TypeA
1030,2025-04-11T04:49:47.000Z,24.3,78.1,BuildingB_Floor1,TypeA
1031,2025-04-09T16:26:23.000Z,16.6,69.3,BuildingA_Floor2,TypeA
1071,2025-04-09T15:26:08.000Z,19.1,77.6,BuildingB_Floor2,TypeB
1072,2025-04-11T01:52:13.000Z,20.6,61.8,BuildingA_Floor1,TypeC
1077,2025-04-08T22:52:51.000Z,18.0,58.6,BuildingB_Floor2,TypeC
1017,2025-04-10T17:33:09.000Z,27.2,64.2,BuildingA_Floor2,TypeB
1006,2025-04-11T20:36:09.000Z,21.8,50.5,BuildingA_Floor1,TypeC
1090,2025-04-11T16:54:18.000Z,22.7,74.8,BuildingA_Floor2,TypeA
1027,2025-04-09T20:08:39.000Z,29.7,69.1,BuildingA_Floor2,TypeC
1082,2025-04-09T02:48:39.000Z,22.1,66.9,BuildingA_Floor1,TypeA
1075,2025-04-09T16:53:04.000Z,22.8,61.9,BuildingA_Floor2,TypeB
1018,2025-04-10T06:30:54.000Z,31.2,50.4,BuildingB_Floor2,TypeC
1074,2025-04-11T11:08:27.000Z,19.2,75.4,BuildingA_Floor1,TypeB
1002,2025-04-11T03:05:32.000Z,28.2,68.1,BuildingA_Floor2,TypeB
1091,2025-04-09T11:34:24.000Z,29.3,72.4,BuildingA_Floor1,TypeC
1066,2025-04-11T09:14:53.000Z,19.6,60.0,BuildingB_Floor2,TypeA
1017,2025-04-11T16:08:33.000Z,21.8,53.9,BuildingB_Floor2,TypeC
1034,2025-04-09T18:07:48.000Z,19.7,59.0,BuildingA_Floor1,TypeA
1040,2025-04-09T18:49:44.000Z,29.4,76.3,BuildingB_Floor1,TypeB
1009,2025-04-09T07:33:54.000Z,28.1,58.6,BuildingA_Floor2,TypeA
1028,2025-04-11T17:34:16.000Z,27.5,56.9,BuildingA_Floor2,TypeB
1018,2025-04-11T10:45:15.000Z,15.2,55.4,BuildingA_Floor2,TypeA
1038,2025-04-10T14:37:14.000Z,15.4,64.0,BuildingA_Floor1,TypeA
1092,2025-04-10T12:03:00.000Z,33.6,79.9,BuildingA_Floor2,TypeC
1024,2025-04-10T13:11:23.000Z,32.6,73.1,BuildingB_Floor2,TypeA
1032,2025-04-11T09:37:42.000Z,28.0,56.3,BuildingB_Floor1,TypeC
1021,2025-04-11T16:27:02.000Z,33.6,79.1,BuildingB_Floor1,TypeA
1044,2025-04-09T14:09:46.000Z,32.4,53.3,BuildingB_Floor1,TypeC
1011,2025-04-11T20:30:04.000Z,31.8,77.6,BuildingA_Floor1,TypeA
1082,2025-04-11T04:00:51.000Z,32.6,62.7,BuildingA_Floor1,TypeC
1056,2025-04-10T07:52:28.000Z,18.5,77.3,BuildingB_Floor2,TypeC
1030,2025-04-11T16:26:08.000Z,29.5,64.3,BuildingB_Floor2,TypeC
1019,2025-04-11T07:50:29.000Z,18.1,79.9,BuildingA_Floor2,TypeB
1017,2025-04-10T06:51:38.000Z,18.4,72.0,BuildingA_Floor2,TypeA
1039,2025-04-10T13:49:22.000Z,31.9,72.9,BuildingB_Floor1,TypeA
1065,2025-04-11T03:05:30.000Z,32.7,60.1,BuildingB_Floor2,TypeC
1025,2025-04-11T08:51:58.000Z,31.9,66.6,BuildingB_Floor1,TypeA
1014,2025-04-09T12:52:57.000Z,29.6,67.4,BuildingB_Floor1,TypeC
1032,2025-04-10T16:43:57.000Z,15.2,57.1,BuildingA_Floor1,TypeA
1024,2025-04-11T05:11:20.000Z,22.1,77.1,BuildingB_Floor1,TypeB
1043,2025-04-10T01:39:34.000Z,19.9,71.8,BuildingB_Floor1,TypeA
1047,2025-04-09T04:50:20.000Z,15.9,61.9,BuildingB_Floor2,TypeB
1046,2025-04-10T08:22:40.000Z,27.0,77.2,BuildingB_Floor1,TypeB
1053,2025-04-09T04:46:40.000Z,28.5,58.7,BuildingA_Floor1,TypeC
1062,2025-04-09T19:18:25.000Z,29.7,50.4,BuildingB_Floor1,TypeB
1094,2025-04-11T21:01:40.000Z,26.3,71.1,BuildingA_Floor2,TypeA
1077,2025-04-09T18:13:01.000Z,34.3,71.2,BuildingB_Floor1,TypeB
1034,2025-04-09T13:52:04.000Z,33.9,68.9,BuildingA_Floor2,TypeB
1047,2025-04-09T20:09:52.000Z,30.7,63.5,BuildingA_Floor1,TypeC
1009,2025-04-11T07:50:48.000Z,25.9,60.8,BuildingB_Floor1,TypeA
1069,2025-04-09T12:46:44.000Z,33.7,67.1,BuildingA_Floor2,TypeC
1025,2025-04-09T08:22:10.000Z,22.2,68.5,BuildingA_Floor2,TypeA
1086,2025-04-11T00:35:35.000Z,19.1,58.9,BuildingB_Floor1,TypeB
1039,2025-04-09T16:13:19.000Z,34.8,58.2,BuildingB_Floor1,TypeB
1001,2025-04-09T05:12:56.000Z,19.2,51.3,BuildingB_Floor1,TypeC
1089,2025-04-11T06:26:18.000Z,32.1,73.2,BuildingA_Floor2,TypeA
1099,2025-04-11T12:48:16.000Z,21.2,64.0,BuildingB_Floor1,TypeC
1014,2025-04-11T19:26:56.000Z,17.9,58.0,BuildingA_Floor2,TypeA
1064,2025-04-10T10:22:46.000Z,26.4,66.3,BuildingB_Floor2,TypeA
1040,2025-04-10T22:46:53.000Z,34.3,54.6,BuildingA_Floor1,TypeC
1053,2025-04-10T03:22:38.000Z,19.4,79.1,BuildingA_Floor1,TypeA
1082,2025-04-11T01:48:49.000Z,22.3,50.9,BuildingA_Floor1,TypeC
1074,2025-04-09T06:29:37.000Z,17.8,60.1,BuildingB_Floor1,TypeB
1027,2025-04-10T06:42:31.000Z,34.3,75.4,BuildingA_Floor2,TypeA
1058,2025-04-09T06:37:28.000Z,26.7,67.7,BuildingA_Floor1,TypeB
1032,2025-04-09T10:00:25.000Z,30.4,76.8,BuildingA_Floor2,TypeB
1003,2025-04-11T05:55:00.000Z,16.9,50.1,BuildingA_Floor1,TypeA
1006,2025-04-10T13:22:25.000Z,15.9,76.2,BuildingA_Floor1,TypeA
1055,2025-04-11T16:19:37.000Z,30.1,65.1,BuildingB_Floor2,TypeB
1051,2025-04-10T07:54:17.000Z,28.4,61.2,BuildingA_Floor1,TypeC
1007,2025-04-10T16:10:33.000Z,19.8,58.1,BuildingA_Floor2,TypeB
1100,2025-04-10T16:44:23.000Z,16.4,56.7,BuildingB_Floor2,TypeA
1040,2025-04-10T20:18:35.000Z,21.3,58.5,BuildingA_Floor2,TypeA
1035,2025-04-10T11:58:17.000Z,21.3,73.7,BuildingB_Floor2,TypeA
1027,2025-04-10T14:03:35.000Z,29.1,67.3,BuildingB_Floor2,TypeB
1063,2025-04-10T04:50:32.000Z,28.7,72.2,BuildingB_Floor2,TypeB
1021,2025-04-09T16:03:46.000Z,34.1,68.6,BuildingA_Floor1,TypeC
1095,2025-04-10T01:09:46.000Z,29.3,79.7,BuildingA_Floor1,TypeA
1066,2025-04-10T21:40:31.000Z,28.2,52.1,BuildingB_Floor2,TypeB
1068,2025-04-09T13:38:41.000Z,26.2,67.9,BuildingA_Floor1,TypeB
1042,2025-04-09T01:45:50.000Z,17.4,55.6,BuildingA_Floor1,TypeC
1028,2025-04-10T16:37:48.000Z,20.5,76.6,BuildingA_Floor1,TypeA
1037,2025-04-11T11:49:11.000Z,19.8,65.0,BuildingB_Floor2,TypeB
1055,2025-04-10T23:25:22.000Z,18.9,72.1,BuildingA_Floor1,TypeB
1063,2025-04-11T08:43:33.000Z,31.6,57.6,BuildingB_Floor2,TypeA
1006,2025-04-09T10:20:47.000Z,23.0,73.0,BuildingA_Floor1,TypeB
1053,2025-04-11T00:22:27.000Z,34.5,62.6,BuildingB_Floor1,TypeC
1085,2025-04-09T05:17:02.000Z,21.2,74.1,BuildingA_Floor1,TypeC
1091,2025-04-10T11:07:04.000Z,32.4,57.5,BuildingA_Floor1,TypeC
1021,2025-04-10T19:07:57.000Z,34.0,61.6,BuildingA_Floor1,TypeB
1093,2025-04-09T06:43:58.000Z,16.5,59.7,BuildingB_Floor1,TypeC
1052,2025-04-10T19:02:47.000Z,27.2,73.5,BuildingA_Floor1,TypeB
1096,2025-04-10T04:11:04.000Z,15.3,61.0,BuildingA_Floor2,TypeC
1092,2025-04-10T02:14:51.000Z,19.4,51.4,BuildingA_Floor1,TypeC
1021,2025-04-10T07:34:35.000Z,24.5,77.7,BuildingA_Floor1,TypeC
1062,2025-04-09T03:44:04.000Z,15.5,73.1,BuildingA_Floor1,TypeB
1096,2025-04-09T12:37:48.000Z,21.5,69.6,BuildingB_Floor2,TypeC
1032,2025-04-08T23:41:28.000Z,16.3,58.3,BuildingB_Floor1,TypeB
1019,2025-04-10T23:57:17.000Z,27.5,77.6,BuildingB_Floor1,TypeC
1048,2025-04-11T10:08:37.000Z,33.8,73.6,BuildingA_Floor2,TypeC
1018,2025-04-10T18:32:21.000Z,29.9,75.2,BuildingA_Floor2,TypeC
1096,2025-04-09T20:09:30.000Z,16.0,54.4,BuildingA_Floor2,TypeC
1091,2025-04-11T05:26:33.000Z,27.8,56.0,BuildingB_Floor2,TypeC
1055,2025-04-10T23:57:31.000Z,28.3,64.0,BuildingA_Floor2,TypeC
1044,2025-04-10T10:31:49.000Z,30.9,50.9,BuildingA_Floor2,TypeB
1050,2025-04-09T04:32:09.000Z,33.4,51.8,BuildingA_Floor2,TypeC
1005,2025-04-11T14:46:38.000Z,24.2,73.1,BuildingA_Floor1,TypeA
1033,2025-04-09T17:03:12.000Z,26.7,63.2,BuildingA_Floor2,TypeB
1023,2025-04-11T09:36:10.000Z,29.1,59.8,BuildingB_Floor2,TypeA
1056,2025-04-11T13:33:54.000Z,27.4,72.2,BuildingA_Floor2,TypeA
1072,2025-04-09T19:30:50.000Z,26.9,78.6,BuildingA_Floor2,TypeA
1010,2025-04-11T00:03:48.000Z,16.0,64.9,BuildingB_Floor1,TypeA
1085,2025-04-11T22:09:56.000Z,26.8,60.5,BuildingA_Floor1,TypeC
1033,2025-04-10T08:02:17.000Z,16.8,68.0,BuildingA_Floor2,TypeA
1089,2025-04-10T14:19:45.000Z,22.0,64.9,BuildingA_Floor2,TypeC
1026,2025-04-11T15:09:09.000Z,17.8,56.8,BuildingB_Floor2,TypeB
1025,2025-04-11T16:02:07.000Z,24.0,67.8,BuildingB_Floor2,TypeA
1100,2025-04-10T00:20:06.000Z,21.3,58.2,BuildingB_Floor1,TypeC
1096,2025-04-10T18:31:22.000Z,18.9,55.9,BuildingB_Floor2,TypeC
1080,2025-04-10T06:00:17.000Z,21.6,71.9,BuildingB_Floor1,TypeB
1043,2025-04-09T18:50:50.000Z,24.5,63.6,BuildingA_Floor1,TypeC
1041,2025-04-09T14:58:13.000Z,31.2,77.6,BuildingB_Floor1,TypeC
1089,2025-04-11T12:08:35.000Z,17.0,69.8,BuildingB_Floor1,TypeA
1035,2025-04-11T01:21:49.000Z,16.4,72.6,BuildingB_Floor1,TypeB
1099,2025-04-09T21:39:57.000Z,29.5,59.5,BuildingA_Floor2,TypeB
1027,2025-04-11T13:39:47.000Z,32.5,63.1,BuildingA_Floor1,TypeC
1047,2025-04-11T02:28:20.000Z,31.7,78.9,BuildingB_Floor2,TypeC
1081,2025-04-10T13:58:15.000Z,16.2,72.3,BuildingB_Floor1,TypeB
1041,2025-04-11T11:16:05.000Z,32.3,56.4,BuildingB_Floor2,TypeC
1098,2025-04-10T01:12:47.000Z,17.9,54.6,BuildingB_Floor1,TypeC
1093,2025-04-09T05:56:18.000Z,17.4,71.4,BuildingA_Floor2,TypeB
1007,2025-04-11T15:00:28.000Z,30.5,59.7,BuildingB_Floor2,TypeB
1044,2025-04-09T19:10:15.000Z,18.9,52.3,BuildingB_Floor2,TypeC
1070,2025-04-10T23:35:42.000Z,23.0,60.8,BuildingB_Floor1,TypeB
1052,2025-04-09T01:32:18.000Z,26.6,65.1,BuildingB_Floor1,TypeB
1077,2025-04-09T10:08:22.000Z,29.8,77.3,BuildingB_Floor2,TypeB
1096,2025-04-09T00:27:53.000Z,34.1,79.0,BuildingA_Floor1,TypeB
1067,2025-04-09T02:19:06.000Z,21.2,71.2,BuildingA_Floor2,TypeA
1058,2025-04-10T00:40:32.000Z,33.1,54.0,BuildingB_Floor1,TypeA
1037,2025-04-09T12:32:33.000Z,26.7,56.3,BuildingB_Floor1,TypeB
1081,2025-04-10T11:19:18.000Z,17.1,64.6,BuildingA_Floor1,TypeC
1002,2025-04-10T18:25:59.000Z,33.3,75.0,BuildingA_Floor2,TypeB
1072,2025-04-11T03:01:29.000Z,21.9,69.4,BuildingB_Floor2,TypeC
1030,2025-04-10T02:22:58.000Z,27.2,56.4,BuildingA_Floor2,TypeA
1010,2025-04-09T13:32:11.000Z,24.3,74.7,BuildingB_Floor2,TypeA
1054,2025-04-09T13:01:33.000Z,26.4,55.2,BuildingB_Floor2,TypeA
1100,2025-04-11T01:37:26.000Z,26.7,60.3,BuildingA_Floor1,TypeC
1070,2025-04-09T12:21:28.000Z,27.3,64.2,BuildingA_Floor2,TypeB
1040,2025-04-09T20:44:08.000Z,20.7,66.5,BuildingA_Floor1,TypeB
1001,2025-04-09T02:10:02.000Z,24.3,51.4,BuildingA_Floor2,TypeC
1047,2025-04-10T20:08:21.000Z,27.9,60.8,BuildingA_Floor1,TypeC
1085,2025-04-09T17:25:46.000Z,20.1,66.6,BuildingB_Floor2,TypeA
1063,2025-04-11T13:58:32.000Z,27.8,69.6,BuildingA_Floor1,TypeC
1096,2025-04-10T09:13:09.000Z,19.4,66.7,BuildingB_Floor1,TypeB
1064,2025-04-10T16:00:21.000Z,29.7,67.9,BuildingB_Floor1,TypeC
1062,2025-04-11T00:04:33.000Z,22.4,51.4,BuildingA_Floor2,TypeA
1052,2025-04-09T02:03:15.000Z,28.7,68.3,BuildingA_Floor2,TypeA
1093,2025-04-11T05:14:56.000Z,34.2,50.9,BuildingB_Floor1,TypeA
1014,2025-04-10T22:10:52.000Z,29.9,55.8,BuildingB_Floor1,TypeA
1043,2025-04-09T22:50:28.000Z,18.4,52.7,BuildingB_Floor1,TypeC
1021,2025-04-09T14:59:55.000Z,29.3,50.0,BuildingB_Floor1,TypeA
1048,2025-04-09T13:53:16.000Z,21.6,55.9,BuildingB_Floor2,TypeA
1065,2025-04-08T23:54:16.000Z,22.3,78.0,BuildingA_Floor1,TypeC
1080,2025-04-10T09:04:59.000Z,29.3,68.7,BuildingB_Floor1,TypeB
1070,2025-04-09T02:00:18.000Z,21.0,70.7,BuildingB_Floor2,TypeB
1091,2025-04-11T01:05:44.000Z,21.5,60.9,BuildingB_Floor1,TypeC
1008,2025-04-10T19:28:33.000Z,26.6,55.8,BuildingB_Floor2,TypeC
1095,2025-04-11T10:18:55.000Z,25.5,63.3,BuildingA_Floor2,TypeB
1056,2025-04-09T06:12:32.000Z,32.7,50.9,BuildingA_Floor1,TypeA
1095,2025-04-09T03:10:35.000Z,26.8,59.2,BuildingA_Floor1,TypeA
1085,2025-04-10T08:50:12.000Z,30.2,79.7,BuildingB_Floor2,TypeA
1071,2025-04-10T08:08:49.000Z,20.3,78.0,BuildingA_Floor2,TypeB
1014,2025-04-10T18:22:30.000Z,22.6,79.4,BuildingB_Floor2,TypeA
1051,2025-04-11T20:42:55.000Z,24.9,71.2,BuildingB_Floor1,TypeB
1016,2025-04-11T07:14:36.000Z,22.6,62.0,BuildingB_Floor1,TypeB
1040,2025-04-09T06:39:55.000Z,30.6,73.3,BuildingA_Floor2,TypeC
1012,2025-04-10T10:05:13.000Z,24.6,53.7,BuildingB_Floor2,TypeB
1004,2025-04-09T16:41:17.000Z,28.6,59.5,BuildingA_Floor1,TypeB
1039,2025-04-10T08:15:28.000Z,23.3,76.5,BuildingB_Floor1,TypeB
1008,2025-04-09T16:57:11.000Z,18.4,62.7,BuildingA_Floor1,TypeC
1036,2025-04-09T08:55:59.000Z,16.5,71.2,BuildingA_Floor1,TypeB
1018,2025-04-09T04:24:10.000Z,33.6,71.1,BuildingB_Floor1,TypeB
1096,2025-04-09T01:22:02.000Z,19.4,73.3,BuildingB_Floor2,TypeC
1088,2025-04-09T15:57:08.000Z,28.3,58.1,BuildingB_Floor1,TypeB
1098,2025-04-09T10:55:56.000Z,15.5,73.6,BuildingA_Floor2,TypeA
1045,2025-04-11T15:37:44.000Z,28.1,59.3,BuildingB_Floor2,TypeC
1084,2025-04-09T20:57:44.000Z,27.1,71.7,BuildingB_Floor2,TypeC
1008,2025-04-10T04:03:29.000Z,29.8,75.3,BuildingB_Floor2,TypeA
1059,2025-04-10T05:55:40.000Z,23.0,66.4,BuildingA_Floor2,TypeA
1071,2025-04-11T04:48:56.000Z,19.3,68.3,BuildingB_Floor2,TypeC
1060,2025-04-11T12:34:40.000Z,29.5,50.3,BuildingB_Floor2,TypeB
1056,2025-04-09T06:02:54.000Z,23.8,60.7,BuildingA_Floor1,TypeC
1055,2025-04-11T01:40:14.000Z,23.2,76.9,BuildingB_Floor1,TypeB
1033,2025-04-08T22:59:32.000Z,20.0,53.5,BuildingA_Floor1,TypeC
1060,2025-04-11T09:43:49.000Z,25.1,61.5,BuildingA_Floor1,TypeC
1093,2025-04-10T15:29:30.000Z,20.5,69.9,BuildingB_Floor2,TypeA
1045,2025-04-09T06:41:55.000Z,22.2,68.6,BuildingA_Floor2,TypeB
1019,2025-04-11T17:05:14.000Z,24.9,59.2,BuildingA_Floor1,TypeA
1098,2025-04-09T09:39:20.000Z,29.0,77.5,BuildingA_Floor2,TypeB
1037,2025-04-10T22:25:43.000Z,18.2,54.2,BuildingA_Floor1,TypeB
1056,2025-04-09T17:33:29.000Z,20.9,54.2,BuildingA_Floor1,TypeA
1017,2025-04-10T14:58:11.000Z,18.1,61.3,BuildingA_Floor1,TypeC
1049,2025-04-09T10:29:45.000Z,24.1,77.3,BuildingB_Floor1,TypeA
1081,2025-04-09T17:25:58.000Z,29.0,64.9,BuildingB_Floor1,TypeB
1064,2025-04-09T07:45:43.000Z,29.7,67.9,BuildingB_Floor2,TypeB
1060,2025-04-11T17:13:33.000Z,23.4,76.8,BuildingB_Floor1,TypeB
1049,2025-04-10T12:32:12.000Z,32.8,65.8,BuildingB_Floor2,TypeA
1070,2025-04-11T03:24:57.000Z,28.9,56.0,BuildingA_Floor1,TypeB
1099,2025-04-11T08:18:18.000Z,25.8,59.0,BuildingB_Floor1,TypeC
1027,2025-04-11T05:26:30.000Z,28.5,73.9,BuildingA_Floor1,TypeA
1036,2025-04-10T13:59:11.000Z,20.7,63.5,BuildingB_Floor1,TypeB
1043,2025-04-09T12:22:58.000Z,29.0,79.7,BuildingA_Floor2,TypeB
1012,2025-04-11T03:34:53.000Z,30.3,56.7,BuildingA_Floor2,TypeB
1002,2025-04-10T16:28:20.000Z,32.5,61.0,BuildingB_Floor2,TypeA
1052,2025-04-10T17:36:24.000Z,19.2,56.2,BuildingB_Floor2,TypeA
1077,2025-04-09T14:31:25.000Z,22.6,56.4,BuildingA_Floor2,TypeB
1025,2025-04-10T21:53:02.000Z,25.2,72.0,BuildingB_Floor1,TypeA
1034,2025-04-09T14:40:25.000Z,28.6,68.2,BuildingB_Floor2,TypeC
1053,2025-04-09T23:38:26.000Z,33.2,58.6,BuildingB_Floor1,TypeA
1050,2025-04-09T02:42:12.000Z,24.0,71.2,BuildingA_Floor2,TypeB
1006,2025-04-11T08:29:19.000Z,20.5,61.8,BuildingA_Floor1,TypeC
1019,2025-04-09T12:58:28.000Z,18.2,61.0,BuildingB_Floor2,TypeA
1036,2025-04-09T09:05:58.000Z,19.4,66.7,BuildingA_Floor2,TypeC
1070,2025-04-10T15:39:43.000Z,26.5,58.8,BuildingB_Floor1,TypeC
1086,2025-04-10T10:10:32.000Z,33.1,51.1,BuildingB_Floor2,TypeA
1002,2025-04-09T15:49:11.000Z,29.9,65.5,BuildingB_Floor2,TypeC
1082,2025-04-09T07:09:59.000Z,21.3,67.2,BuildingB_Floor2,TypeA
1035,2025-04-09T10:02:01.000Z,17.8,51.9,BuildingA_Floor2,TypeB
1023,2025-04-10T06:59:53.000Z,33.3,67.7,BuildingA_Floor1,TypeA
1079,2025-04-10T04:13:56.000Z,31.1,78.3,BuildingB_Floor2,TypeC
1076,2025-04-09T06:26:19.000Z,30.6,79.3,BuildingB_Floor2,TypeC
1022,2025-04-09T08:35:30.000Z,34.3,59.6,BuildingB_Floor1,TypeC
1055,2025-04-10T14:18:06.000Z,27.8,63.6,BuildingB_Floor2,TypeA
1092,2025-04-11T20:41:43.000Z,21.6,55.7,BuildingB_Floor2,TypeB
1056,2025-04-10T15:06:51.000Z,18.7,58.3,BuildingA_Floor2,TypeB
1070,2025-04-11T14:17:15.000Z,24.9,78.2,BuildingB_Floor2,TypeA
1062,2025-04-09T02:29:33.000Z,27.7,63.8,BuildingA_Floor2,TypeA
1092,2025-04-10T05:42:47.000Z,16.7,77.0,BuildingB_Floor2,TypeA
1034,2025-04-09T16:01:01.000Z,23.5,57.7,BuildingB_Floor1,TypeA
1070,2025-04-09T03:39:32.000Z,22.0,50.3,BuildingB_Floor1,TypeC
1026,2025-04-09T05:09:29.000Z,19.5,68.1,BuildingA_Floor2,TypeA
1098,2025-04-11T04:43:41.000Z,23.6,62.6,BuildingB_Floor2,TypeC
1099,2025-04-11T10:59:43.000Z,18.9,77.5,BuildingB_Floor1,TypeA
1086,2025-04-11T04:20:45.000Z,33.1,71.2,BuildingA_Floor2,TypeC
1044,2025-04-11T07:28:29.000Z,29.3,62.5,BuildingB_Floor2,TypeC
1015,2025-04-11T04:49:13.000Z,20.8,70.9,BuildingB_Floor2,TypeC
1058,2025-04-09T02:18:31.000Z,27.1,78.1,BuildingA_Floor2,TypeB
1015,2025-04-11T03:41:42.000Z,33.4,63.7,BuildingB_Floor1,TypeA
1072,2025-04-10T13:17:56.000Z,24.6,69.3,BuildingA_Floor1,TypeB
1020,2025-04-11T03:57:50.000Z,21.7,52.9,BuildingB_Floor2,TypeA
1050,2025-04-11T12:30:30.000Z,15.6,50.5,BuildingA_Floor2,TypeC
1038,2025-04-09T19:11:01.000Z,32.9,59.0,BuildingB_Floor1,TypeA
1074,2025-04-10T08:11:03.000Z,17.8,63.9,BuildingB_Floor2,TypeC
1000,2025-04-11T04:20:19.000Z,33.3,53.2,BuildingA_Floor1,TypeC
1035,2025-04-11T09:03:25.000Z,23.8,76.0,BuildingB_Floor2,TypeC
1079,2025-04-09T19:22:46.000Z,23.4,79.2,BuildingB_Floor2,TypeB
1016,2025-04-10T07:41:14.000Z,23.2,51.2,BuildingA_Floor1,TypeC
1024,2025-04-11T21:20:56.000Z,15.9,75.9,BuildingB_Floor1,TypeC
1007,2025-04-10T06:08:58.000Z,33.0,72.7,BuildingB_Floor1,TypeC
1020,2025-04-11T22:31:20.000Z,18.9,78.6,BuildingA_Floor2,TypeB
1099,2025-04-10T18:12:16.000Z,23.8,60.2,BuildingB_Floor2,TypeC
1033,2025-04-10T12:30:50.000Z,29.2,50.4,BuildingB_Floor2,TypeA
1068,2025-04-10T03:12:05.000Z,18.5,60.5,BuildingA_Floor2,TypeA
1043,2025-04-09T16:58:30.000Z,16.5,51.9,BuildingB_Floor1,TypeA
1025,2025-04-09T07:53:51.000Z,24.9,71.8,BuildingA_Floor2,TypeC
1012,2025-04-11T14:35:09.000Z,15.8,55.5,BuildingB_Floor1,TypeA
1073,2025-04-10T18:28:05.000Z,33.3,76.2,BuildingA_Floor2,TypeA
1027,2025-04-11T07:19:37.000Z,29.9,59.6,BuildingB_Floor2,TypeC
1078,2025-04-11T03:01:32.000Z,17.1,54.2,BuildingB_Floor2,TypeC
1005,2025-04-10T09:33:41.000Z,18.2,70.7,BuildingA_Floor2,TypeA
1092,2025-04-10T03:57:28.000Z,18.9,64.2,BuildingA_Floor1,TypeB
1089,2025-04-09T20:19:21.000Z,28.7,52.2,BuildingB_Floor2,TypeB
1064,2025-04-10T00:46:20.000Z,31.8,66.9,BuildingB_Floor2,TypeA
1029,2025-04-09T11:01:18.000Z,25.5,67.9,BuildingB_Floor2,TypeB
1052,2025-04-10T09:33:17.000Z,31.6,69.5,BuildingB_Floor2,TypeC
1006,2025-04-10T18:16:01.000Z,30.0,71.0,BuildingB_Floor2,TypeB
1017,2025-04-10T23:24:52.000Z,34.1,53.9,BuildingB_Floor1,TypeB
1046,2025-04-09T11:40:52.000Z,19.4,56.7,BuildingA_Floor1,TypeB
1083,2025-04-10T03:41:34.000Z,19.7,52.5,BuildingA_Floor1,TypeB
1067,2025-04-08T22:53:13.000Z,16.4,74.4,BuildingB_Floor2,TypeC
1069,2025-04-10T03:15:18.000Z,31.3,50.9,BuildingB_Floor1,TypeA
1010,2025-04-10T15:11:38.000Z,22.2,79.1,BuildingA_Floor1,TypeB
1042,2025-04-09T12:39:16.000Z,18.6,66.7,BuildingB_Floor2,TypeC
1071,2025-04-09T12:41:32.000Z,17.1,50.4,BuildingA_Floor2,TypeA
1010,2025-04-10T17:32:46.000Z,22.4,68.6,BuildingA_Floor2,TypeB
1021,2025-04-11T08:23:47.000Z,26.7,79.8,BuildingA_Floor1,TypeB
1016,2025-04-11T17:03:06.000Z,32.9,66.6,BuildingA_Floor2,TypeB
1061,2025-04-10T15:00:05.000Z,22.3,60.8,BuildingA_Floor2,TypeC
1032,2025-04-09T15:42:27.000Z,32.2,60.8,BuildingB_Floor1,TypeB
1060,2025-04-10T01:20:52.000Z,29.0,78.1,BuildingB_Floor1,TypeC
1082,2025-04-09T11:13:37.000Z,33.0,73.4,BuildingB_Floor1,TypeC
1074,2025-04-11T16:09:34.000Z,29.5,51.0,BuildingA_Floor2,TypeC
1028,2025-04-09T22:31:58.000Z,18.5,68.1,BuildingA_Floor2,TypeC
1065,2025-04-10T21:04:04.000Z,27.8,63.1,BuildingB_Floor1,TypeB
1019,2025-04-09T02:37:43.000Z,23.4,58.7,BuildingA_Floor1,TypeB
1024,2025-04-09T03:30:41.000Z,26.4,66.9,BuildingA_Floor2,TypeB
1007,2025-04-11T05:27:38.000Z,21.6,59.9,BuildingA_Floor1,TypeA
1063,2025-04-10T04:52:47.000Z,17.2,64.6,BuildingB_Floor1,TypeB
1080,2025-04-11T09:19:05.000Z,27.4,71.0,BuildingA_Floor1,TypeB
1086,2025-04-10T00:21:29.000Z,21.7,50.4,BuildingA_Floor1,TypeB
1042,2025-04-10T04:44:52.000Z,17.6,58.0,BuildingB_Floor1,TypeA
1012,2025-04-10T23:21:17.000Z,33.7,75.5,BuildingB_Floor2,TypeB
1039,2025-04-11T11:38:46.000Z,28.8,70.3,BuildingA_Floor1,TypeB
1079,2025-04-10T20:33:29.000Z,28.7,54.7,BuildingA_Floor1,TypeC
1023,2025-04-10T18:53:01.000Z,19.7,79.2,BuildingA_Floor1,TypeC
1060,2025-04-09T06:00:48.000Z,33.0,67.7,BuildingA_Floor1,TypeA
1019,2025-04-09T14:30:58.000Z,19.3,79.3,BuildingA_Floor1,TypeC
1085,2025-04-11T05:45:38.000Z,15.2,56.1,BuildingB_Floor2,TypeC
1002,2025-04-11T03:08:17.000Z,32.6,59.1,BuildingB_Floor2,TypeA
1078,2025-04-11T01:46:19.000Z,24.5,68.8,BuildingA_Floor1,TypeA
1014,2025-04-10T05:57:20.000Z,30.2,55.2,BuildingA_Floor1,TypeB
1049,2025-04-10T22:33:31.000Z,25.5,51.8,BuildingA_Floor2,TypeC
1049,2025-04-10T02:53:08.000Z,19.8,63.7,BuildingB_Floor1,TypeA
1098,2025-04-09T16:50:51.000Z,31.0,75.0,BuildingA_Floor1,TypeA
1006,2025-04-09T22:15:53.000Z,20.1,52.9,BuildingB_Floor1,TypeB
1073,2025-04-09T18:14:49.000Z,32.4,65.5,BuildingB_Floor2,TypeB
1038,2025-04-10T11:20:06.000Z,24.8,50.6,BuildingA_Floor2,TypeA
1038,2025-04-10T20:52:17.000Z,19.0,73.3,BuildingA_Floor1,TypeA
1086,2025-04-11T00:26:18.000Z,17.7,76.7,BuildingB_Floor2,TypeB
1029,2025-04-09T20:31:02.000Z,34.3,57.6,BuildingB_Floor2,TypeA
1047,2025-04-11T00:37:49.000Z,23.2,68.2,BuildingB_Floor1,TypeA
1000,2025-04-11T05:59:39.000Z,20.4,71.2,BuildingA_Floor1,TypeB
1077,2025-04-11T01:42:53.000Z,25.5,54.6,BuildingA_Floor1,TypeC
1005,2025-04-10T10:40:42.000Z,22.3,67.8,BuildingA_Floor2,TypeA
1031,2025-04-09T14:06:45.000Z,24.5,74.5,BuildingA_Floor2,TypeC
1095,2025-04-10T22:43:48.000Z,27.2,73.7,BuildingA_Floor1,TypeB
1044,2025-04-10T03:08:58.000Z,25.8,72.9,BuildingA_Floor2,TypeC
1061,2025-04-11T04:51:20.000Z,19.0,78.2,BuildingA_Floor2,TypeB
1017,2025-04-09T14:04:29.000Z,34.4,61.5,BuildingB_Floor1,TypeC
1041,2025-04-11T07:31:54.000Z,21.8,72.6,BuildingB_Floor2,TypeA
1047,2025-04-09T17:32:47.000Z,26.9,52.6,BuildingA_Floor2,TypeB
1086,2025-04-11T06:07:10.000Z,28.2,77.4,BuildingA_Floor2,TypeB
1016,2025-04-10T05:57:35.000Z,22.2,77.0,BuildingB_Floor1,TypeA
1024,2025-04-11T10:16:23.000Z,19.3,52.3,BuildingA_Floor1,TypeA
1005,2025-04-10T13:42:34.000Z,26.1,54.2,BuildingB_Floor2,TypeC
1097,2025-04-10T06:17:55.000Z,30.1,57.5,BuildingA_Floor2,TypeB
1048,2025-04-09T17:55:16.000Z,24.2,62.0,BuildingB_Floor2,TypeA
1014,2025-04-10T21:19:35.000Z,31.0,66.1,BuildingA_Floor2,TypeB
1047,2025-04-11T21:33:11.000Z,21.8,68.3,BuildingB_Floor2,TypeA
1052,2025-04-10T07:35:15.000Z,27.3,53.2,BuildingB_Floor2,TypeA
1047,2025-04-10T02:39:05.000Z,25.8,52.5,BuildingA_Floor2,TypeC
1016,2025-04-09T20:24:33.000Z,32.9,77.9,BuildingB_Floor2,TypeA
1024,2025-04-10T16:24:09.000Z,19.6,67.7,BuildingA_Floor1,TypeC
1040,2025-04-09T03:27:56.000Z,23.8,69.0,BuildingB_Floor1,TypeB
1013,2025-04-10T16:59:05.000Z,16.3,64.9,BuildingA_Floor2,TypeA
1035,2025-04-10T16:15:02.000Z,29.0,61.9,BuildingA_Floor2,TypeC
1057,2025-04-11T21:58:12.000Z,16.1,52.7,BuildingB_Floor1,TypeA
1053,2025-04-09T08:33:15.000Z,24.1,74.7,BuildingB_Floor1,TypeA
1040,2025-04-10T01:08:12.000Z,32.9,67.0,BuildingB_Floor1,TypeC
1021,2025-04-09T08:43:27.000Z,15.5,71.7,BuildingB_Floor2,TypeA
1073,2025-04-10T14:15:12.000Z,30.6,73.8,BuildingB_Floor2,TypeC
1021,2025-04-11T20:47:34.000Z,29.6,77.6,BuildingA_Floor2,TypeA
1020,2025-04-10T18:22:56.000Z,24.4,65.0,BuildingA_Floor2,TypeC
1082,2025-04-11T18:27:18.000Z,19.9,63.2,BuildingB_Floor1,TypeC
1085,2025-04-09T21:06:40.000Z,22.6,62.4,BuildingB_Floor1,TypeC
1060,2025-04-11T03:25:40.000Z,15.5,71.1,BuildingA_Floor1,TypeB
1088,2025-04-10T13:38:47.000Z,20.0,53.4,BuildingA_Floor1,TypeB
1036,2025-04-09T16:06:27.000Z,23.8,50.4,BuildingA_Floor2,TypeC
1050,2025-04-09T03:25:09.000Z,33.8,68.2,BuildingA_Floor1,TypeC
1001,2025-04-10T16:06:58.000Z,29.7,65.9,BuildingA_Floor1,TypeB
1073,2025-04-09T21:35:47.000Z,29.2,74.4,BuildingA_Floor2,TypeC
1094,2025-04-09T07:36:55.000Z,18.3,52.1,BuildingA_Floor1,TypeA
1096,2025-04-09T21:56:53.000Z,16.5,58.7,BuildingB_Floor2,TypeA
1092,2025-04-11T04:21:38.000Z,17.2,50.8,BuildingA_Floor1,TypeC
1047,2025-04-11T00:47:59.000Z,16.0,75.7,BuildingA_Floor1,TypeB
1097,2025-04-11T20:54:11.000Z,34.6,57.1,BuildingB_Floor1,TypeA
1016,2025-04-10T03:17:13.000Z,29.0,74.4,BuildingA_Floor2,TypeC
1080,2025-04-09T14:02:39.000Z,31.1,61.9,BuildingA_Floor1,TypeA
1052,2025-04-11T14:46:46.000Z,24.5,75.9,BuildingB_Floor1,TypeC
1003,2025-04-11T03:00:59.000Z,18.2,64.9,BuildingA_Floor2,TypeB
1001,2025-04-09T05:13:36.000Z,27.0,51.1,BuildingA_Floor1,TypeA
1040,2025-04-09T15:16:12.000Z,30.6,69.4,BuildingB_Floor2,TypeB
1018,2025-04-09T04:33:14.000Z,21.8,61.0,BuildingB_Floor2,TypeB
1000,2025-04-10T09:49:00.000Z,23.0,60.9,BuildingA_Floor2,TypeA
1033,2025-04-10T19:17:23.000Z,26.7,61.9,BuildingB_Floor1,TypeC
1093,2025-04-09T10:31:14.000Z,32.1,75.1,BuildingB_Floor2,TypeB
1092,2025-04-10T01:22:46.000Z,27.0,63.8,BuildingA_Floor2,TypeB
1045,2025-04-11T13:10:23.000Z,18.8,68.2,BuildingB_Floor1,TypeA
1066,2025-04-09T08:31:50.000Z,18.4,68.4,BuildingA_Floor2,TypeA
1008,2025-04-11T10:51:11.000Z,34.8,53.2,BuildingB_Floor2,TypeB
1061,2025-04-09T12:59:31.000Z,31.0,74.3,BuildingB_Floor2,TypeC
1090,2025-04-09T17:30:11.000Z,23.0,69.2,BuildingA_Floor2,TypeB
1050,2025-04-09T14:26:43.000Z,25.4,63.8,BuildingB_Floor2,TypeA
1034,2025-04-09T23:25:17.000Z,21.8,50.6,BuildingA_Floor1,TypeC
1042,2025-04-10T06:46:23.000Z,29.9,64.2,BuildingB_Floor2,TypeC
1064,2025-04-10T19:56:22.000Z,24.5,60.4,BuildingB_Floor2,TypeA
1032,2025-04-09T17:08:55.000Z,28.5,70.6,BuildingB_Floor1,TypeC
1008,2025-04-10T16:16:15.000Z,26.2,51.5,BuildingA_Floor2,TypeC
1012,2025-04-09T19:01:59.000Z,33.9,67.4,BuildingA_Floor1,TypeA
1086,2025-04-10T19:26:41.000Z,27.9,55.1,BuildingA_Floor1,TypeA
1099,2025-04-11T07:30:36.000Z,34.1,50.1,BuildingA_Floor2,TypeC
1073,2025-04-10T13:06:12.000Z,22.0,53.5,BuildingA_Floor1,TypeA
1060,2025-04-09T07:06:58.000Z,33.7,59.2,BuildingA_Floor1,TypeB
1054,2025-04-11T19:01:00.000Z,31.4,57.5,BuildingA_Floor2,TypeB
1084,2025-04-10T14:31:13.000Z,25.7,72.4,BuildingB_Floor2,TypeB
1066,2025-04-08T23:12:01.000Z,20.9,59.8,BuildingB_Floor2,TypeB
1086,2025-04-09T09:33:44.000Z,19.6,76.4,BuildingB_Floor2,TypeB
1003,2025-04-10T18:09:05.000Z,31.6,72.1,BuildingA_Floor2,TypeA
1064,2025-04-09T13:46:38.000Z,26.9,62.5,BuildingB_Floor1,TypeA
1063,2025-04-09T07:42:14.000Z,24.4,65.8,BuildingB_Floor2,TypeC
1085,2025-04-09T08:25:03.000Z,19.8,78.6,BuildingA_Floor1,TypeA
1083,2025-04-11T14:32:21.000Z,19.0,66.0,BuildingA_Floor2,TypeC
1073,2025-04-11T22:09:34.000Z,23.8,54.8,BuildingB_Floor2,TypeA
1078,2025-04-09T11:04:37.000Z,23.8,54.3,BuildingB_Floor1,TypeB
1001,2025-04-09T12:02:48.000Z,21.2,63.7,BuildingB_Floor1,TypeA
1045,2025-04-10T21:18:41.000Z,33.7,75.0,BuildingB_Floor2,TypeB
1015,2025-04-11T22:35:00.000Z,22.3,68.4,BuildingA_Floor2,TypeB
1007,2025-04-09T10:41:44.000Z,22.6,69.4,BuildingA_Floor2,TypeC
1009,2025-04-10T18:20:08.000Z,29.1,57.9,BuildingB_Floor2,TypeA
1083,2025-04-11T11:13:04.000Z,17.4,74.4,BuildingA_Floor1,TypeA
1019,2025-04-11T15:56:20.000Z,32.2,68.5,BuildingB_Floor2,TypeA
1008,2025-04-10T04:37:11.000Z,18.1,54.3,BuildingA_Floor2,TypeA
1008,2025-04-09T11:11:04.000Z,29.7,57.5,BuildingB_Floor2,TypeA
1027,2025-04-08T23:50:38.000Z,23.4,53.6,BuildingB_Floor2,TypeC
1067,2025-04-09T06:31:23.000Z,25.0,68.9,BuildingA_Floor2,TypeC
1055,2025-04-10T07:16:46.000Z,20.1,55.8,BuildingA_Floor2,TypeB
1057,2025-04-11T12:01:00.000Z,20.2,53.1,BuildingA_Floor2,TypeB
1027,2025-04-11T20:24:07.000Z,30.9,50.5,BuildingB_Floor2,TypeC
1011,2025-04-11T09:24:48.000Z,27.3,56.5,BuildingB_Floor2,TypeB
1079,2025-04-09T18:21:11.000Z,33.8,59.6,BuildingA_Floor2,TypeA
1028,2025-04-09T04:49:17.000Z,17.7,71.8,BuildingB_Floor2,TypeA
1003,2025-04-09T22:59:44.000Z,30.7,66.0,BuildingB_Floor2,TypeC
1020,2025-04-11T19:15:19.000Z,33.1,67.8,BuildingA_Floor1,TypeA
1059,2025-04-09T21:23:40.000Z,32.8,54.8,BuildingB_Floor2,TypeA
1096,2025-04-11T15:28:07.000Z,26.6,71.9,BuildingA_Floor1,TypeC
1069,2025-04-09T17:04:04.000Z,29.2,71.1,BuildingB_Floor2,TypeA
1020,2025-04-11T03:07:42.000Z,33.1,60.4,BuildingA_Floor1,TypeC
1061,2025-04-10T11:51:38.000Z,26.6,64.0,BuildingA_Floor1,TypeB
1009,2025-04-11T09:43:48.000Z,19.0,52.3,BuildingA_Floor1,TypeA
1098,2025-04-11T17:58:22.000Z,23.6,73.6,BuildingB_Floor1,TypeB
1040,2025-04-11T05:42:35.000Z,31.9,52.0,BuildingB_Floor1,TypeB
1075,2025-04-09T00:07:48.000Z,24.8,60.4,BuildingB_Floor2,TypeA
1031,2025-04-11T13:02:05.000Z,25.5,69.3,BuildingA_Floor1,TypeC
1088,2025-04-10T16:52:44.000Z,19.5,75.3,BuildingB_Floor2,TypeC
1080,2025-04-11T03:50:12.000Z,26.3,74.1,BuildingA_Floor1,TypeA
1097,2025-04-10T05:21:48.000Z,30.5,69.1,BuildingA_Floor1,TypeB
1012,2025-04-09T15:32:25.000Z,22.9,63.5,BuildingB_Floor2,TypeC
1057,2025-04-11T01:49:57.000Z,29.0,56.3,BuildingB_Floor1,TypeC
1068,2025-04-09T23:13:52.000Z,31.3,65.0,BuildingA_Floor2,TypeA
1076,2025-04-11T15:53:43.000Z,19.0,73.3,BuildingA_Floor1,TypeB
1058,2025-04-10T03:25:59.000Z,29.5,53.2,BuildingB_Floor2,TypeB
1007,2025-04-10T19:19:21.000Z,16.2,69.9,BuildingA_Floor2,TypeB
1083,2025-04-11T12:44:22.000Z,19.4,63.9,BuildingB_Floor2,TypeC
1008,2025-04-10T06:11:16.000Z,31.5,75.9,BuildingA_Floor2,TypeC
1002,2025-04-09T21:28:34.000Z,17.0,69.9,BuildingB_Floor2,TypeA
1070,2025-04-11T20:18:44.000Z,22.9,55.7,BuildingB_Floor1,TypeB
1095,2025-04-11T19:48:27.000Z,27.2,79.6,BuildingA_Floor1,TypeA
1089,2025-04-10T00:30:12.000Z,18.9,79.0,BuildingA_Floor2,TypeC
1072,2025-04-09T16:44:01.000Z,22.5,58.3,BuildingA_Floor2,TypeC
1074,2025-04-09T21:54:41.000Z,22.9,53.1,BuildingA_Floor1,TypeB
1041,2025-04-10T03:29:34.000Z,27.7,63.1,BuildingA_Floor2,TypeC
1088,2025-04-09T01:05:59.000Z,17.3,77.0,BuildingA_Floor2,TypeB
1069,2025-04-09T11:05:03.000Z,23.0,55.4,BuildingB_Floor2,TypeA
1082,2025-04-10T01:57:14.000Z,23.7,74.0,BuildingB_Floor2,TypeB
1092,2025-04-09T13:33:01.000Z,29.0,55.4,BuildingA_Floor1,TypeB
1086,2025-04-09T09:24:52.000Z,30.2,64.2,BuildingB_Floor1,TypeA
1051,2025-04-09T20:00:49.000Z,15.5,78.1,BuildingB_Floor2,TypeC
1018,2025-04-10T20:35:06.000Z,25.8,61.6,BuildingA_Floor1,TypeA
1100,2025-04-09T07:08:51.000Z,27.1,58.0,BuildingA_Floor2,TypeB
1091,2025-04-11T12:28:08.000Z,29.6,57.4,BuildingA_Floor1,TypeA
1002,2025-04-11T08:33:04.000Z,26.4,62.7,BuildingA_Floor2,TypeA
1088,2025-04-11T19:48:32.000Z,22.4,51.0,BuildingA_Floor1,TypeA
1050,2025-04-10T22:56:15.000Z,22.4,78.9,BuildingA_Floor2,TypeA
1015,2025-04-10T16:19:17.000Z,34.0,66.1,BuildingA_Floor2,TypeC
1031,2025-04-09T17:38:54.000Z,34.3,65.7,BuildingB_Floor1,TypeB
1065,2025-04-10T09:43:11.000Z,16.5,56.4,BuildingB_Floor1,TypeB
1004,2025-04-10T14:08:56.000Z,25.7,61.0,BuildingB_Floor2,TypeB
1030,2025-04-09T16:25:40.000Z,30.8,70.3,BuildingB_Floor2,TypeB
1041,2025-04-09T15:51:54.000Z,31.5,50.1,BuildingB_Floor1,TypeB
1065,2025-04-11T06:46:41.000Z,15.7,67.2,BuildingA_Floor1,TypeB
1073,2025-04-09T13:55:34.000Z,22.9,59.1,BuildingB_Floor2,TypeB
1054,2025-04-10T21:03:58.000Z,28.5,64.5,BuildingB_Floor1,TypeB
1020,2025-04-11T08:15:06.000Z,29.4,69.7,BuildingA_Floor2,TypeB
1030,2025-04-11T12:10:18.000Z,21.8,67.5,BuildingB_Floor1,TypeB
1091,2025-04-11T18:27:40.000Z,30.9,52.3,BuildingA_Floor1,TypeB
1016,2025-04-11T04:58:31.000Z,21.4,52.4,BuildingB_Floor1,TypeC
1035,2025-04-10T01:32:57.000Z,24.0,52.7,BuildingB_Floor2,TypeB
1009,2025-04-10T10:34:46.000Z,17.0,57.6,BuildingB_Floor1,TypeA
1080,2025-04-09T14:58:52.000Z,28.5,76.9,BuildingB_Floor2,TypeA
1020,2025-04-09T00:53:52.000Z,34.1,78.0,BuildingB_Floor1,TypeA
1026,2025-04-11T18:38:59.000Z,26.2,52.5,BuildingB_Floor2,TypeB
1092,2025-04-10T19:50:23.000Z,23.7,51.4,BuildingA_Floor2,TypeC
1027,2025-04-09T13:57:30.000Z,24.3,71.4,BuildingB_Floor2,TypeC
1025,2025-04-09T16:57:10.000Z,33.1,57.8,BuildingB_Floor1,TypeA
1076,2025-04-10T09:22:29.000Z,34.7,66.8,BuildingA_Floor2,TypeA
1037,2025-04-11T16:40:41.000Z,16.7,55.7,BuildingA_Floor2,TypeB
1030,2025-04-09T18:52:00.000Z,32.4,66.8,BuildingA_Floor1,TypeA
1026,2025-04-10T04:01:47.000Z,31.3,58.2,BuildingB_Floor2,TypeC
1059,2025-04-11T11:14:17.000Z,18.1,56.2,BuildingB_Floor2,TypeC
1071,2025-04-10T09:18:37.000Z,18.5,70.6,BuildingB_Floor1,TypeA
1096,2025-04-10T01:11:08.000Z,29.4,63.7,BuildingB_Floor2,TypeA
1044,2025-04-09T03:34:51.000Z,26.9,68.1,BuildingB_Floor2,TypeA
1028,2025-04-10T13:19:59.000Z,22.3,74.0,BuildingB_Floor1,TypeB
1035,2025-04-11T10:44:04.000Z,21.5,78.2,BuildingB_Floor1,TypeA
1080,2025-04-11T13:41:51.000Z,22.6,53.2,BuildingA_Floor1,TypeA
1016,2025-04-10T08:27:40.000Z,33.6,53.5,BuildingA_Floor2,TypeA
1003,2025-04-11T19:32:43.000Z,17.7,52.1,BuildingB_Floor2,TypeB
1095,2025-04-10T21:19:58.000Z,31.9,72.6,BuildingB_Floor1,TypeC
1056,2025-04-09T01:04:49.000Z,31.4,58.2,BuildingA_Floor1,TypeB
1097,2025-04-11T05:30:49.000Z,24.9,67.2,BuildingB_Floor2,TypeA
1049,2025-04-09T00:41:51.000Z,17.5,71.5,BuildingA_Floor1,TypeA
1064,2025-04-11T07:24:45.000Z,23.5,72.9,BuildingA_Floor1,TypeC
1059,2025-04-09T01:53:02.000Z,17.6,74.7,BuildingB_Floor2,TypeB
1040,2025-04-10T14:41:53.000Z,27.8,67.0,BuildingA_Floor1,TypeB
1030,2025-04-10T02:19:01.000Z,17.1,70.9,BuildingA_Floor2,TypeA
1001,2025-04-10T20:25:03.000Z,26.1,60.1,BuildingB_Floor2,TypeB
1052,2025-04-11T06:46:47.000Z,18.0,79.6,BuildingA_Floor1,TypeB
1069,2025-04-09T09:04:19.000Z,17.6,78.4,BuildingB_Floor1,TypeA
1003,2025-04-10T15:40:38.000Z,22.6,77.2,BuildingB_Floor1,TypeC
1069,2025-04-09T09:10:00.000Z,32.3,67.9,BuildingB_Floor1,TypeB
1006,2025-04-11T18:09:18.000Z,34.7,73.3,BuildingA_Floor2,TypeB
1038,2025-04-09T18:51:09.000Z,27.6,50.1,BuildingB_Floor2,TypeC
1031,2025-04-10T04:04:35.000Z,22.1,69.2,BuildingB_Floor1,TypeB
1034,2025-04-11T08:06:02.000Z,25.5,76.8,BuildingB_Floor2,TypeC
1013,2025-04-11T02:51:17.000Z,27.0,56.3,BuildingA_Floor2,TypeA
1053,2025-04-11T13:12:05.000Z,16.0,68.1,BuildingB_Floor2,TypeA
1044,2025-04-09T15:33:18.000Z,18.0,59.6,BuildingA_Floor2,TypeB
1054,2025-04-11T07:33:42.000Z,34.0,53.4,BuildingB_Floor2,TypeA
1061,2025-04-09T05:40:12.000Z,20.5,76.0,BuildingB_Floor1,TypeB
1058,2025-04-10T00:47:03.000Z,19.1,66.3,BuildingB_Floor2,TypeA
1065,2025-04-11T17:13:34.000Z,15.0,74.1,BuildingA_Floor1,TypeB
1031,2025-04-09T14:56:56.000Z,31.0,75.7,BuildingB_Floor2,TypeB
1079,2025-04-10T13:31:40.000Z,27.3,62.9,BuildingA_Floor2,TypeA
1094,2025-04-10T11:31:38.000Z,19.7,77.7,BuildingB_Floor2,TypeB
1020,2025-04-09T17:40:59.000Z,21.5,65.7,BuildingA_Floor2,TypeC
1010,2025-04-09T20:22:01.000Z,26.5,72.1,BuildingB_Floor2,TypeB
1083,2025-04-10T20:55:02.000Z,15.5,59.2,BuildingA_Floor2,TypeC
1009,2025-04-11T12:59:16.000Z,35.0,61.8,BuildingB_Floor1,TypeC
1098,2025-04-10T02:41:49.000Z,27.8,62.3,BuildingA_Floor2,TypeC
1036,2025-04-10T11:26:10.000Z,17.3,76.3,BuildingA_Floor2,TypeB
1079,2025-04-10T15:08:17.000Z,26.4,65.8,BuildingA_Floor2,TypeB
1057,2025-04-11T03:34:02.000Z,25.0,63.6,BuildingA_Floor1,TypeA
1023,2025-04-09T13:16:58.000Z,32.7,74.7,BuildingB_Floor1,TypeC
1047,2025-04-10T00:25:34.000Z,18.0,70.5,BuildingA_Floor2,TypeA
1045,2025-04-11T17:59:42.000Z,32.3,65.2,BuildingB_Floor1,TypeC
1071,2025-04-11T20:40:38.000Z,32.9,52.1,BuildingA_Floor2,TypeA
1043,2025-04-09T09:43:26.000Z,22.0,72.9,BuildingA_Floor1,TypeB
1044,2025-04-11T11:56:59.000Z,26.1,52.8,BuildingB_Floor2,TypeA
1075,2025-04-10T23:42:00.000Z,23.0,57.4,BuildingA_Floor1,TypeB
1072,2025-04-10T13:23:23.000Z,33.8,76.3,BuildingB_Floor2,TypeA
1029,2025-04-10T12:27:03.000Z,15.9,73.0,BuildingB_Floor2,TypeC
1095,2025-04-10T02:59:34.000Z,20.6,54.0,BuildingA_Floor1,TypeA
1070,2025-04-10T17:32:10.000Z,32.7,76.0,BuildingA_Floor2,TypeA
1089,2025-04-09T00:38:38.000Z,26.0,57.9,BuildingA_Floor1,TypeA
1094,2025-04-11T18:57:29.000Z,25.6,60.0,BuildingB_Floor1,TypeC
1003,2025-04-10T08:03:57.000Z,18.3,63.0,BuildingA_Floor2,TypeC
1100,2025-04-10T22:04:51.000Z,22.5,68.3,BuildingB_Floor1,TypeA
1088,2025-04-10T05:12:43.000Z,34.9,55.0,BuildingB_Floor1,TypeA
1088,2025-04-09T04:59:18.000Z,34.8,61.5,BuildingA_Floor2,TypeB
1042,2025-04-11T03:22:15.000Z,21.1,74.8,BuildingB_Floor1,TypeA
1089,2025-04-09T23:07:07.000Z,21.4,66.8,BuildingB_Floor1,TypeB
1092,2025-04-10T20:02:59.000Z,17.1,70.3,BuildingB_Floor2,TypeA
1082,2025-04-11T15:50:19.000Z,30.4,53.6,BuildingB_Floor2,TypeC
1008,2025-04-11T22:05:59.000Z,31.9,62.3,BuildingA_Floor1,TypeB
1020,2025-04-09T21:07:39.000Z,27.4,70.3,BuildingA_Floor2,TypeA
1002,2025-04-09T13:48:59.000Z,34.1,50.9,BuildingB_Floor2,TypeB
1020,2025-04-11T21:50:18.000Z,33.1,66.6,BuildingB_Floor2,TypeA
1054,2025-04-10T18:48:38.000Z,30.0,69.9,BuildingA_Floor2,TypeC
1028,2025-04-10T05:23:43.000Z,24.6,79.0,BuildingA_Floor2,TypeB
1005,2025-04-11T13:59:16.000Z,25.8,59.6,BuildingB_Floor1,TypeA
1080,2025-04-10T03:00:00.000Z,15.7,73.1,BuildingA_Floor2,TypeA
1006,2025-04-11T21:20:52.000Z,28.1,61.0,BuildingA_Floor2,TypeC
1084,2025-04-11T01:37:57.000Z,29.3,73.6,BuildingB_Floor1,TypeB
1089,2025-04-09T09:15:43.000Z,25.6,73.5,BuildingA_Floor2,TypeA
1021,2025-04-11T20:24:53.000Z,22.0,78.5,BuildingB_Floor2,TypeC
1035,2025-04-09T08:55:31.000Z,28.4,75.1,BuildingB_Floor2,TypeA
1056,2025-04-10T14:33:21.000Z,33.7,57.9,BuildingA_Floor1,TypeA
1024,2025-04-10T15:30:00.000Z,33.1,72.8,BuildingA_Floor2,TypeA
1084,2025-04-11T14:47:28.000Z,34.6,76.6,BuildingA_Floor2,TypeA
1031,2025-04-10T20:21:11.000Z,25.5,75.7,BuildingB_Floor1,TypeC
1083,2025-04-10T08:21:08.000Z,31.0,69.0,BuildingB_Floor2,TypeB
1041,2025-04-09T08:27:15.000Z,16.1,52.9,BuildingA_Floor1,TypeB
1100,2025-04-09T01:06:17.000Z,29.1,77.6,BuildingB_Floor2,TypeC
1067,2025-04-10T05:08:31.000Z,30.3,57.8,BuildingA_Floor2,TypeC
1033,2025-04-09T09:21:28.000Z,34.2,52.1,BuildingA_Floor2,TypeA
1084,2025-04-10T03:47:43.000Z,19.7,72.7,BuildingA_Floor2,TypeB
1059,2025-04-11T14:35:17.000Z,25.2,57.8,BuildingA_Floor1,TypeC
1100,2025-04-10T09:18:06.000Z,29.0,51.6,BuildingA_Floor1,TypeA
1087,2025-04-09T08:16:00.000Z,21.8,74.7,BuildingA_Floor2,TypeA
1081,2025-04-09T14:15:15.000Z,20.0,76.2,BuildingB_Floor2,TypeA
1006,2025-04-11T11:39:34.000Z,23.2,65.2,BuildingB_Floor2,TypeA
1014,2025-04-10T07:04:28.000Z,32.5,74.7,BuildingA_Floor1,TypeA
1005,2025-04-11T02:44:47.000Z,25.1,77.6,BuildingA_Floor2,TypeA
1085,2025-04-09T11:07:52.000Z,16.5,70.8,BuildingA_Floor1,TypeA
1099,2025-04-10T17:31:42.000Z,25.9,66.2,BuildingB_Floor1,TypeC
1010,2025-04-09T13:41:26.000Z,17.3,52.4,BuildingA_Floor2,TypeB
1080,2025-04-09T19:10:39.000Z,17.0,69.2,BuildingB_Floor2,TypeA
1062,2025-04-09T03:17:47.000Z,25.9,68.8,BuildingB_Floor2,TypeC
1054,2025-04-11T09:22:53.000Z,18.7,71.1,BuildingB_Floor2,TypeA
1011,2025-04-11T19:48:52.000Z,31.6,65.4,BuildingA_Floor1,TypeC
1025,2025-04-11T03:08:27.000Z,18.6,78.6,BuildingA_Floor2,TypeB
1025,2025-04-09T00:55:26.000Z,31.7,51.7,BuildingA_Floor1,TypeC
1026,2025-04-10T13:47:37.000Z,27.5,50.3,BuildingA_Floor1,TypeB
1040,2025-04-09T10:07:19.000Z,34.8,68.2,BuildingA_Floor2,TypeA
1041,2025-04-11T14:19:43.000Z,25.3,67.5,BuildingB_Floor1,TypeA
1036,2025-04-11T07:15:04.000Z,16.9,61.0,BuildingA_Floor1,TypeC
1020,2025-04-09T15:11:32.000Z,18.8,75.6,BuildingB_Floor1,TypeA
1051,2025-04-10T01:09:43.000Z,34.9,60.8,BuildingB_Floor1,TypeB
1069,2025-04-10T14:03:11.000Z,34.1,58.8,BuildingB_Floor2,TypeA
1088,2025-04-10T13:00:25.000Z,23.3,52.8,BuildingB_Floor2,TypeB
1033,2025-04-10T14:16:37.000Z,24.3,52.1,BuildingB_Floor1,TypeC
1041,2025-04-10T10:15:16.000Z,25.7,71.0,BuildingB_Floor2,TypeC
1014,2025-04-09T04:33:06.000Z,20.8,61.3,BuildingB_Floor2,TypeC
1062,2025-04-10T07:42:47.000Z,16.7,62.4,BuildingB_Floor1,TypeA
1037,2025-04-10T08:58:50.000Z,16.4,67.4,BuildingB_Floor1,TypeA
1076,2025-04-09T18:09:38.000Z,21.5,57.0,BuildingB_Floor2,TypeC
1041,2025-04-10T17:07:04.000Z,16.1,51.5,BuildingB_Floor2,TypeC
1084,2025-04-09T10:22:07.000Z,33.1,60.4,BuildingA_Floor2,TypeA
1066,2025-04-09T23:59:12.000Z,28.2,80.0,BuildingA_Floor1,TypeC
1022,2025-04-10T00:40:30.000Z,32.6,54.0,BuildingB_Floor1,TypeB
1023,2025-04-10T03:38:11.000Z,30.8,62.0,BuildingA_Floor1,TypeC
1060,2025-04-10T21:16:03.000Z,30.9,64.9,BuildingB_Floor1,TypeB
1070,2025-04-11T14:35:07.000Z,34.0,57.9,BuildingA_Floor1,TypeB
1100,2025-04-10T01:18:30.000Z,17.1,59.6,BuildingA_Floor1,TypeC
1048,2025-04-10T19:10:29.000Z,26.0,63.8,BuildingB_Floor2,TypeC
1009,2025-04-09T08:41:39.000Z,15.7,75.6,BuildingA_Floor1,TypeA
1067,2025-04-10T02:24:58.000Z,30.0,52.0,BuildingB_Floor1,TypeC
1098,2025-04-10T05:18:55.000Z,21.2,56.8,BuildingB_Floor1,TypeC
1045,2025-04-11T02:33:04.000Z,22.7,79.5,BuildingA_Floor2,TypeB
1007,2025-04-09T09:11:22.000Z,28.6,59.6,BuildingB_Floor1,TypeA
1024,2025-04-09T23:57:29.000Z,16.3,63.7,BuildingB_Floor2,TypeA
1100,2025-04-09T07:02:32.000Z,34.7,70.9,BuildingB_Floor2,TypeA
1025,2025-04-11T22:22:28.000Z,23.3,66.9,BuildingA_Floor1,TypeC
1059,2025-04-10T07:49:28.000Z,20.5,62.2,BuildingA_Floor2,TypeB
1009,2025-04-09T13:25:32.000Z,21.9,59.7,BuildingB_Floor2,TypeA
1037,2025-04-10T13:53:38.000Z,24.9,74.1,BuildingA_Floor1,TypeC
1008,2025-04-11T04:24:35.000Z,20.0,74.9,BuildingA_Floor2,TypeC
1013,2025-04-11T21:15:53.000Z,28.9,54.0,BuildingB_Floor2,TypeA
1100,2025-04-11T12:46:17.000Z,15.7,56.5,BuildingA_Floor2,TypeA
1001,2025-04-09T17:29:47.000Z,30.7,78.8,BuildingB_Floor1,TypeC
1053,2025-04-11T00:35:00.000Z,34.7,51.3,BuildingB_Floor2,TypeA
1058,2025-04-11T07:38:35.000Z,16.7,77.1,BuildingB_Floor1,TypeA
1049,2025-04-11T20:01:50.000Z,17.5,77.4,BuildingA_Floor1,TypeA
1027,2025-04-11T10:40:08.000Z,21.2,66.6,BuildingA_Floor2,TypeA
1087,2025-04-11T01:00:47.000Z,20.1,77.4,BuildingB_Floor2,TypeB
1072,2025-04-09T22:37:16.000Z,31.9,75.9,BuildingA_Floor2,TypeA
1059,2025-04-11T12:03:29.000Z,28.5,53.0,BuildingB_Floor1,TypeA
1057,2025-04-09T14:59:48.000Z,24.2,51.6,BuildingA_Floor1,TypeB
1098,2025-04-09T01:10:08.000Z,22.8,53.4,BuildingA_Floor1,TypeA
1016,2025-04-09T21:25:13.000Z,25.8,65.8,BuildingB_Floor1,TypeC
1038,2025-04-10T11:00:11.000Z,23.2,58.1,BuildingB_Floor1,TypeB
1088,2025-04-10T01:32:30.000Z,28.5,56.1,BuildingB_Floor2,TypeA
1057,2025-04-09T18:39:14.000Z,22.1,73.3,BuildingA_Floor2,TypeB
1083,2025-04-10T05:33:23.000Z,21.9,73.2,BuildingA_Floor1,TypeB
1049,2025-04-10T00:55:52.000Z,28.8,71.8,BuildingA_Floor1,TypeB
1076,2025-04-11T15:27:12.000Z,22.9,78.5,BuildingA_Floor2,TypeB
1074,2025-04-09T01:03:59.000Z,19.7,51.8,BuildingB_Floor2,TypeA
1012,2025-04-10T18:00:15.000Z,31.0,61.5,BuildingA_Floor1,TypeC
1030,2025-04-09T00:48:23.000Z,17.3,52.9,BuildingB_Floor2,TypeB
1024,2025-04-10T00:02:49.000Z,23.6,76.9,BuildingB_Floor2,TypeB
1022,2025-04-10T01:13:36.000Z,21.3,55.3,BuildingB_Floor1,TypeA
1035,2025-04-10T21:52:43.000Z,31.8,73.0,BuildingB_Floor2,TypeB
1044,2025-04-09T06:20:36.000Z,31.9,76.9,BuildingA_Floor1,TypeB
1081,2025-04-11T18:36:43.000Z,18.5,51.5,BuildingB_Floor2,TypeC
1029,2025-04-11T07:18:28.000Z,27.3,54.2,BuildingA_Floor1,TypeB
1098,2025-04-10T07:38:45.000Z,26.6,63.9,BuildingA_Floor1,TypeC
1019,2025-04-09T03:32:04.000Z,29.8,74.3,BuildingA_Floor1,TypeA
1059,2025-04-09T13:05:41.000Z,19.5,73.5,BuildingA_Floor2,TypeA
1097,2025-04-10T19:55:01.000Z,28.8,56.6,BuildingA_Floor1,TypeA
1027,2025-04-11T21:51:33.000Z,33.2,79.9,BuildingB_Floor2,TypeB
1004,2025-04-11T00:56:36.000Z,16.6,74.8,BuildingA_Floor2,TypeB
1066,2025-04-08T23:47:01.000Z,29.1,61.6,BuildingA_Floor1,TypeB
1013,2025-04-09T01:00:09.000Z,19.8,52.6,BuildingA_Floor2,TypeA
1022,2025-04-10T10:16:57.000Z,24.7,69.9,BuildingB_Floor2,TypeB
1064,2025-04-09T09:45:46.000Z,33.5,62.4,BuildingB_Floor2,TypeA
1092,2025-04-11T11:23:00.000Z,31.0,61.8,BuildingA_Floor2,TypeA
1037,2025-04-10T21:18:25.000Z,34.8,75.1,BuildingA_Floor1,TypeA
1025,2025-04-09T03:08:16.000Z,23.7,71.7,BuildingB_Floor1,TypeB
1025,2025-04-11T15:06:17.000Z,16.6,68.5,BuildingA_Floor2,TypeB
1077,2025-04-09T13:29:38.000Z,21.1,75.0,BuildingB_Floor1,TypeA
1012,2025-04-10T18:22:14.000Z,29.9,70.5,BuildingA_Floor1,TypeC
1028,2025-04-10T01:17:58.000Z,33.1,74.2,BuildingA_Floor1,TypeA
1080,2025-04-11T04:11:13.000Z,28.0,70.5,BuildingA_Floor1,TypeC
1022,2025-04-08T23:56:03.000Z,23.4,79.9,BuildingA_Floor2,TypeA
1068,2025-04-09T01:28:05.000Z,29.2,60.1,BuildingB_Floor1,TypeC
1092,2025-04-10T20:34:43.000Z,34.6,68.6,BuildingB_Floor1,TypeC
1088,2025-04-09T15:36:34.000Z,19.5,72.8,BuildingA_Floor1,TypeC
1025,2025-04-10T09:24:37.000Z,24.6,69.3,BuildingA_Floor1,TypeA
1056,2025-04-11T22:40:27.000Z,29.5,62.2,BuildingB_Floor2,TypeC
1091,2025-04-09T02:08:53.000Z,26.0,70.2,BuildingA_Floor2,TypeB
1088,2025-04-10T10:46:59.000Z,23.8,76.0,BuildingA_Floor2,TypeC
1020,2025-04-09T00:27:48.000Z,32.2,63.9,BuildingA_Floor1,TypeC
1058,2025-04-09T19:08:43.000Z,24.3,68.9,BuildingA_Floor2,TypeB
1006,2025-04-09T20:48:15.000Z,18.0,70.3,BuildingB_Floor2,TypeC
1007,2025-04-09T11:53:16.000Z,32.9,61.6,BuildingA_Floor1,TypeB
1074,2025-04-09T17:18:18.000Z,29.8,66.1,BuildingA_Floor1,TypeA
1011,2025-04-10T12:10:45.000Z,34.5,60.5,BuildingB_Floor1,TypeC
1041,2025-04-11T05:07:42.000Z,16.3,58.3,BuildingA_Floor2,TypeA
1076,2025-04-11T19:53:05.000Z,33.0,54.5,BuildingA_Floor2,TypeC
1028,2025-04-09T03:59:40.000Z,20.3,62.6,BuildingA_Floor1,TypeB
1023,2025-04-09T04:31:52.000Z,30.6,61.4,BuildingA_Floor2,TypeA
1038,2025-04-09T21:49:01.000Z,31.8,70.9,BuildingA_Floor2,TypeA
1019,2025-04-08T23:21:39.000Z,20.8,73.1,BuildingB_Floor2,TypeB
1075,2025-04-10T18:30:34.000Z,21.8,73.0,BuildingB_Floor1,TypeB
1044,2025-04-11T12:17:58.000Z,28.7,58.5,BuildingA_Floor2,TypeB
1061,2025-04-11T19:48:40.000Z,34.2,51.7,BuildingB_Floor1,TypeC
1002,2025-04-09T02:22:00.000Z,28.8,67.0,BuildingB_Floor2,TypeC
1064,2025-04-11T22:23:46.000Z,17.3,65.2,BuildingA_Floor2,TypeA
1036,2025-04-09T08:34:06.000Z,33.3,73.5,BuildingB_Floor1,TypeB
1030,2025-04-09T19:06:53.000Z,29.1,63.2,BuildingA_Floor2,TypeA
1049,2025-04-09T01:08:37.000Z,25.9,56.2,BuildingB_Floor2,TypeC
1023,2025-04-10T13:52:34.000Z,24.4,63.5,BuildingA_Floor2,TypeB
1016,2025-04-11T18:02:01.000Z,27.3,54.0,BuildingB_Floor1,TypeB
1056,2025-04-09T00:16:28.000Z,26.5,67.3,BuildingA_Floor2,TypeA
1009,2025-04-11T21:37:15.000Z,28.2,53.7,BuildingA_Floor1,TypeA
1050,2025-04-11T21:55:56.000Z,21.2,75.6,BuildingA_Floor2,TypeB
1001,2025-04-08T23:32:49.000Z,28.4,61.7,BuildingA_Floor2,TypeB
1089,2025-04-11T21:46:04.000Z,22.6,57.3,BuildingA_Floor1,TypeA
1047,2025-04-11T13:16:48.000Z,21.0,51.3,BuildingB_Floor1,TypeC
1043,2025-04-09T17:52:45.000Z,15.5,55.4,BuildingB_Floor1,TypeC
1074,2025-04-09T12:56:26.000Z,19.2,69.5,BuildingA_Floor1,TypeC
1032,2025-04-11T18:50:03.000Z,21.6,58.8,BuildingA_Floor1,TypeC
1008,2025-04-09T18:37:42.000Z,21.2,72.3,BuildingA_Floor1,TypeC
1018,2025-04-10T03:30:39.000Z,25.3,72.1,BuildingA_Floor1,TypeA
1049,2025-04-11T13:22:48.000Z,20.9,60.5,BuildingB_Floor1,TypeC
1085,2025-04-09T17:18:39.000Z,18.2,60.6,BuildingA_Floor1,TypeB
1011,2025-04-11T15:26:22.000Z,17.9,57.8,BuildingA_Floor1,TypeA
1063,2025-04-11T12:13:47.000Z,15.6,79.8,BuildingA_Floor2,TypeC
1043,2025-04-11T13:50:24.000Z,19.2,71.5,BuildingB_Floor1,TypeA
1018,2025-04-09T06:24:34.000Z,24.2,57.9,BuildingB_Floor2,TypeB
1070,2025-04-10T07:51:51.000Z,34.9,57.8,BuildingA_Floor1,TypeB
1051,2025-04-11T19:04:24.000Z,15.1,75.8,BuildingA_Floor2,TypeC
1006,2025-04-09T15:11:48.000Z,26.1,79.6,BuildingA_Floor2,TypeB
1055,2025-04-10T01:03:10.000Z,24.6,75.5,BuildingA_Floor2,TypeA
1001,2025-04-11T15:47:08.000Z,28.6,73.1,BuildingB_Floor2,TypeB
1019,2025-04-11T11:22:43.000Z,32.4,58.1,BuildingB_Floor1,TypeA
1042,2025-04-10T10:31:31.000Z,18.6,70.3,BuildingA_Floor2,TypeA
1014,2025-04-10T08:29:46.000Z,22.3,74.6,BuildingA_Floor2,TypeA
1012,2025-04-09T08:47:59.000Z,33.3,64.7,BuildingA_Floor2,TypeC
1028,2025-04-09T13:51:46.000Z,21.3,64.3,BuildingA_Floor1,TypeB
1089,2025-04-10T13:27:46.000Z,34.6,72.3,BuildingB_Floor1,TypeA
1028,2025-04-09T15:38:34.000Z,22.7,75.3,BuildingB_Floor2,TypeA
1048,2025-04-09T22:45:26.000Z,33.0,64.2,BuildingA_Floor1,TypeC
1016,2025-04-09T10:38:05.000Z,22.4,62.3,BuildingA_Floor2,TypeB
1054,2025-04-11T05:50:13.000Z,21.2,67.8,BuildingB_Floor1,TypeB
1089,2025-04-09T17:20:23.000Z,31.4,51.3,BuildingB_Floor2,TypeA
1053,2025-04-10T03:23:24.000Z,17.4,59.3,BuildingA_Floor1,TypeB
1047,2025-04-09T23:39:06.000Z,15.9,79.6,BuildingB_Floor2,TypeB
1015,2025-04-09T11:00:30.000Z,17.0,62.4,BuildingB_Floor1,TypeA
1049,2025-04-10T10:57:22.000Z,18.9,71.1,BuildingB_Floor1,TypeA
1019,2025-04-11T06:02:34.000Z,19.1,63.3,BuildingB_Floor1,TypeB
1079,2025-04-11T03:10:27.000Z,29.4,73.9,BuildingA_Floor1,TypeC
1006,2025-04-10T02:01:32.000Z,28.5,75.7,BuildingA_Floor1,TypeB
1100,2025-04-11T10:10:44.000Z,32.0,54.7,BuildingB_Floor2,TypeC
1091,2025-04-10T03:18:24.000Z,26.2,66.6,BuildingA_Floor1,TypeB
